var01,var02,var03,var04,var05,var06,var07,var08,var09,var10,var11,var12,var13,var14,var15
True,n001,,49,,,s15,2/27/2022 19:06,0,,,,,6,0
True,n002,,,,,s41,2/9/2022 13:47,4,,10,,,,4
True,n003,a,59,,,s28,2/2/2022 19:47,-7,10,10,10,10,10,-7
True,n004,a,47,,,s12,2/6/2022 1:11,4,,10,,,,4
True,n005,,71,,,s03,2/2/2022 18:33,2,9,9,7,8,11,2
True,n006,,68,,,s44,2/28/2022 2:53,-10,,,,,,-10
True,n007,,43,,,s38,2/4/2022 21:39,4,,,,,,4
True,n008,,,,,s32,2/3/2022 18:57,4,9,7,7,7,11,4
True,n009,a,58,,,s25,2/23/2022 20:41,-9,0,5,0,4,0,-9
True,n010,,,,,s03,2/2/2022 18:29,-10,,0,,,,-10
True,n011,a,63,,,s13,2/28/2022 11:16,3,8,8,8,7,9,3
True,n012,a,34,,,s12,2/3/2022 0:24,-2,9,9,9,9,8,-2
True,n013,,52,,,s29,2/1/2022 0:45,-10,,,,,,-10
True,n014,,67,32,1,s15,2/4/2022 15:54,5,10,10,8,8,6,5
True,n015,,,,,s05,2/23/2022 3:29,1,5,5,5,5,5,1
True,n016,a,64,,,s04,2/22/2022 2:12,1,7,6,6,6,8,1
True,n017,,55,,,s20,2/24/2022 19:59,3,9,10,9,8,8,3
True,n018,,,,,s38,2/4/2022 22:49,2,8,8,8,8,8,2
True,n019,a,54,,,s12,2/4/2022 4:31,3,9,10,10,9,9,3
True,n020,a,64,,,s43,2/2/2022 1:57,-5,10,10,5,10,10,-5
True,n021,,,,,s41,2/23/2022 17:57,3,,10,,,,3
True,n022,,57,,,s15,2/3/2022 0:44,-7,,,,,,-7
True,n023,,75,,,s07,2/1/2022 15:52,-10,,0,,,,-10
True,n024,b,56,,,s30,2/22/2022 14:52,-10,3,2,1,1,1,-10
True,n025,a,72,,,s44,2/27/2022 15:57,2,,,,,9,2
True,n026,,42,,,s06,2/22/2022 18:49,4,10,10,8,9,9,4
True,n027,a,74,,,s31,2/8/2022 8:58,2,9,7,6,8,8,2
True,n028,a,32,,,s24,2/3/2022 17:59,-7,9,10,9,9,9,-7
True,n029,,45,,,s20,2/28/2022 13:10,1,7,7,7,5,8,1
True,n030,a,60,165,1,s38,2/6/2022 0:03,3,8,7,7,9,9,3
True,n031,a,68,,,s12,2/7/2022 15:20,4,10,10,5,5,8,4
True,n032,,,,,s23,2/28/2022 15:05,2,,,,,8,2
True,n033,a,80,,,s39,2/3/2022 16:21,2,,,,,,2
True,n034,a,64,,,s32,2/5/2022 19:36,4,,10,,,,4
True,n035,,,,,s20,2/1/2022 17:15,-1,,10,,,,-1
True,n036,a,72,30,2,s07,2/22/2022 13:06,-10,,,,,,-10
True,n037,c,57,,,s21,2/8/2022 17:51,4,10,,,,,4
True,n038,,66,,,s39,2/5/2022 18:18,-10,0,0,0,0,0,-10
True,n039,b,67,,,s03,2/23/2022 19:35,4,10,10,10,10,10,4
True,n040,,55,,,s41,2/25/2022 23:09,2,,,,,,2
True,n041,a,66,,,s32,2/2/2022 1:38,-5,,,,,,-5
True,n042,a,70,,,s31,2/10/2022 23:00,2,,8,,,,2
True,n043,,,,,#N/D,2/9/2022 2:02,2,,,,,8,2
True,n044,a,121,4,1,s37,2/2/2022 22:37,2,8,,,,,2
True,n045,a,55,,,s20,2/8/2022 14:10,-10,1,2,0,1,0,-10
True,n046,a,64,,,s39,2/24/2022 14:31,3,9,9,9,9,9,3
True,n047,a,69,,,s03,2/1/2022 4:54,-1,10,,,,,-1
True,n048,,58,7,1,s38,2/24/2022 14:35,3,9,8,9,8,6,3
True,n049,,,,,s20,2/5/2022 21:13,2,,9,,,,2
True,n050,a,65,,,s17,2/22/2022 21:05,4,,10,,,,4
True,n051,,69,,,s29,2/27/2022 18:33,1,7,5,5,5,11,1
True,n052,a,69,,,s39,2/4/2022 20:57,2,7,7,5,6,7,2
True,n053,a,70,75,1,s07,2/1/2022 14:41,-1,10,10,10,10,9,-1
True,n054,a,53,,,s43,2/26/2022 13:57,-10,,5,,,,-10
True,n055,,70,,,s38,2/16/2022 20:29,-10,4,2,3,3,4,-10
True,n056,,,,,s06,2/8/2022 15:53,-2,5,5,5,5,5,-2
True,n057,a,63,,,s05,2/6/2022 4:27,-10,0,0,0,0,0,-10
True,n058,a,64,,,s20,2/9/2022 21:52,-2,,,,,5,-2
True,n059,a,76,,,s12,2/6/2022 18:09,4,10,8,8,7,7,4
True,n060,a,66,,,s12,2/6/2022 21:53,2,8,5,1,1,2,2
True,n061,a,75,,,s12,2/26/2022 18:45,4,,,,,,4
True,n062,a,56,,,s21,2/28/2022 13:38,0,6,9,5,6,6,0
True,n063,,67,,,s24,2/22/2022 15:57,4,7,5,5,4,1,4
True,n064,a,75,11,1,s03,2/1/2022 1:14,-1,,,,,,-1
True,n065,a,59,20,1,s28,2/10/2022 17:35,4,10,10,10,10,10,4
True,n066,,73,,,s38,2/24/2022 20:11,4,10,10,10,9,11,4
True,n067,,63,,,s10,2/24/2022 21:01,-10,5,4,5,5,5,-10
True,n068,a,79,,,s22,2/22/2022 17:11,4,,,,,10,4
True,n069,c,81,,,s43,2/10/2022 20:30,3,9,8,6,9,9,3
True,n070,,,,,s18,2/4/2022 4:59,4,9,10,9,9,11,4
True,n071,a,59,,,s03,2/24/2022 20:37,4,10,,,,,4
True,n072,,,,,#N/D,2/11/2022 15:27,-10,,0,,,,-10
True,n073,,60,,,s07,2/22/2022 23:25,2,9,9,7,9,11,2
True,n074,,,,,s39,2/28/2022 2:55,4,,,,,,4
True,n075,a,80,,,s15,2/6/2022 19:03,4,10,10,10,10,10,4
True,n076,a,68,,,s41,2/1/2022 12:37,1,,,,,,1
True,n077,a,57,,,s01,2/4/2022 2:34,4,10,10,7,10,8,4
True,n078,a,62,,,s03,2/1/2022 0:11,-10,4,,,,,-10
True,n079,a,62,4,1,s08,2/23/2022 16:37,4,,10,,,,4
True,n080,,,,,s22,2/28/2022 15:27,4,10,8,10,10,10,4
True,n081,a,84,28,1,s41,2/28/2022 18:24,4,10,,,,,4
True,n082,a,51,,,s43,2/24/2022 3:22,4,,,,,,4
True,n083,,80,,,s08,2/2/2022 21:22,2,9,9,8,8,8,2
True,n084,,72,,,s20,2/25/2022 9:58,-10,1,1,0,1,0,-10
True,n085,a,77,,,s12,2/8/2022 3:17,1,5,6,3,5,5,1
True,n086,a,52,,,s39,2/27/2022 13:43,4,,9,,,,4
True,n087,a,72,,,s08,2/28/2022 2:30,4,,,,,10,4
True,n088,,,,,s41,2/21/2022 22:58,3,9,9,7,9,9,3
True,n089,a,68,,,s36,2/26/2022 22:12,4,,,,,,4
True,n090,,69,84,6,s44,2/24/2022 1:51,4,10,10,3,8,5,4
True,n091,,54,,,s08,2/23/2022 13:54,-3,6,5,3,5,5,-3
True,n092,a,56,,,s31,2/25/2022 14:35,4,10,10,10,10,10,4
True,n093,,44,,,s27,2/23/2022 11:52,4,10,10,10,10,10,4
True,n094,,,,,s41,2/1/2022 16:34,-1,10,10,10,10,10,-1
True,n095,,77,,,s31,2/21/2022 15:28,3,,,,,,3
True,n096,a,69,,,s04,2/8/2022 2:25,4,9,8,9,9,8,4
True,n097,a,55,,,s17,2/23/2022 23:03,-10,1,0,0,5,1,-10
True,n098,a,59,,,s41,2/1/2022 23:46,-5,10,10,10,10,10,-5
True,n099,a,82,,,s02,2/6/2022 23:13,3,9,9,8,8,9,3
True,n100,a,35,,,s16,2/3/2022 19:31,4,,10,,,,4
True,n101,a,72,,,s16,2/26/2022 22:59,-10,,,,,,-10
True,n102,,,,,s31,2/4/2022 11:51,3,9,,,,,3
True,n103,,66,,,s43,2/22/2022 18:11,2,,,,,,2
True,n104,,,,,s07,2/16/2022 2:54,4,10,10,9,9,10,4
True,n105,,56,,,s07,2/26/2022 14:57,4,,10,,,,4
True,n106,,68,,,s29,2/3/2022 2:18,-5,8,9,6,5,8,-5
True,n107,a,49,,,s35,2/27/2022 11:32,4,,,,,,4
True,n108,,,,,s16,2/1/2022 3:56,-7,0,,,,,-7
True,n109,a,50,,,s15,2/28/2022 23:46,-10,2,0,0,0,2,-10
True,n110,a,61,,,s38,2/26/2022 2:09,4,,10,,,,4
True,n111,,68,,,s37,2/8/2022 12:14,-2,,,,,,-2
True,n112,a,79,,,s33,2/22/2022 17:08,2,7,8,7,7,6,2
True,n113,,,,,s27,2/25/2022 1:23,4,10,10,10,10,10,4
True,n114,,,,,s43,2/6/2022 21:34,4,10,10,10,10,10,4
True,n115,a,77,,,s03,2/25/2022 15:41,3,7,8,7,5,8,3
True,n116,,29,,,s31,2/8/2022 15:56,4,9,7,9,8,10,4
True,n117,a,88,,,s04,2/11/2022 23:07,3,9,9,9,8,8,3
True,n118,a,63,,,s22,2/5/2022 10:38,4,10,10,10,10,10,4
True,n119,a,50,,,s35,2/26/2022 5:55,-10,,,,,,-10
True,n120,a,69,,,s12,2/21/2022 14:51,-10,0,8,0,0,0,-10
True,n121,a,81,,,s14,2/2/2022 22:46,-2,,9,,,,-2
True,n122,,,,,#N/D,2/20/2022 18:18,3,10,10,8,9,10,3
True,n123,a,66,,,s44,2/22/2022 13:24,-7,,,,,3,-7
True,n124,a,70,,,s12,2/23/2022 12:13,4,,,,,7,4
True,n125,a,78,,,s17,2/22/2022 21:44,2,9,10,8,9,9,2
True,n126,a,72,,,s16,2/27/2022 17:32,4,10,,,,,4
True,n127,a,121,,,s03,2/25/2022 10:20,4,10,10,8,8,10,4
True,n128,a,78,,,s13,2/1/2022 12:13,-10,3,4,0,1,3,-10
True,n129,a,68,,,s01,2/2/2022 21:36,-2,,10,,,,-2
True,n130,a,74,,,s12,2/24/2022 11:29,4,10,10,10,10,11,4
True,n131,a,50,,,s12,2/23/2022 0:15,4,10,9,9,10,10,4
True,n132,,,,,s24,2/1/2022 16:31,-1,10,,,,,-1
True,n133,a,69,,,s05,2/7/2022 20:06,4,10,10,9,9,9,4
True,n134,,,,,s38,2/26/2022 16:00,4,10,10,7,10,10,4
True,n135,,,,,s32,2/23/2022 15:30,-3,7,8,6,5,3,-3
True,n136,a,59,,,s39,2/24/2022 19:23,4,10,10,10,10,10,4
True,n137,,,,,s07,2/1/2022 0:02,-1,,10,,,,-1
True,n138,,,,,s22,2/24/2022 23:54,-10,1,3,3,3,4,-10
True,n139,,66,,,s43,2/2/2022 12:49,0,8,5,5,5,8,0
True,n140,a,68,40,4,s03,2/2/2022 1:07,-5,5,10,5,5,5,-5
True,n141,,58,,,s07,2/27/2022 16:53,-10,4,7,7,4,5,-10
True,n142,a,43,,,s12,2/1/2022 11:24,-4,8,8,8,8,8,-4
True,n143,,,,,s16,2/21/2022 15:25,4,10,10,10,10,10,4
True,n144,,76,18,2,s26,2/10/2022 13:57,3,,8,,,,3
True,n145,,65,,,s08,2/11/2022 7:07,3,,10,,,,3
True,n146,a,85,,,s07,2/2/2022 18:29,-7,10,10,10,10,10,-7
True,n147,a,75,,,s30,2/4/2022 0:26,-10,5,5,3,2,5,-10
True,n148,a,68,91,3,s01,2/3/2022 20:07,0,,,,,,0
True,n149,a,78,,,s39,2/26/2022 21:31,2,,8,,,,2
True,n150,a,65,,,s06,2/28/2022 1:16,2,,,,,8,2
True,n151,a,71,16,3,s20,2/3/2022 15:44,1,,9,,,,1
True,n152,,,,,s22,2/5/2022 5:43,2,,,,,,2
True,n153,a,74,,,s03,2/4/2022 6:14,4,,10,,,,4
True,n154,a,69,,,s07,2/3/2022 21:46,2,9,10,6,10,9,2
True,n155,a,68,9,1,s02,2/21/2022 14:43,3,,,,,,3
True,n156,c,70,,,s39,2/21/2022 23:37,-10,0,0,5,0,0,-10
True,n157,a,81,,,s02,2/24/2022 22:48,-10,,7,,,,-10
True,n158,,75,,,s07,2/7/2022 19:10,1,,,,,,1
True,n159,,,,,s39,2/4/2022 16:47,-7,,1,,,,-7
True,n160,,,,,s40,2/6/2022 20:42,4,10,,,,,4
True,n161,,23,,,s13,2/27/2022 21:27,2,,,,,,2
True,n162,,66,,,s38,2/4/2022 23:36,-10,1,5,1,1,1,-10
True,n163,a,59,,,s38,2/4/2022 17:10,5,,10,,,,5
True,n164,a,68,,,s20,2/26/2022 22:09,4,,,,,8,4
True,n165,,,,,s38,2/28/2022 7:49,3,,9,,,,3
True,n166,a,64,,,s20,2/2/2022 1:45,-5,10,10,5,10,11,-5
True,n167,a,67,,,s08,2/8/2022 4:00,4,10,9,9,10,10,4
True,n168,a,68,,,s13,2/21/2022 16:12,4,10,10,9,10,10,4
True,n169,,70,,,s03,2/21/2022 22:15,4,,10,,,,4
True,n170,,78,,,s30,2/22/2022 13:50,4,10,10,9,10,9,4
True,n171,a,82,,,s31,2/7/2022 16:36,4,10,10,5,10,10,4
True,n172,,,,,s41,2/5/2022 0:51,2,,,,,,2
True,n173,a,68,,,s07,2/7/2022 21:07,4,,,,,5,4
True,n174,a,79,,,s31,2/10/2022 20:06,4,,,,,10,4
True,n175,b,82,,,s20,2/22/2022 17:30,-10,4,10,3,0,5,-10
True,n176,,77,,,s03,2/24/2022 22:03,-10,0,0,0,0,0,-10
True,n177,a,59,20,2,s32,2/7/2022 14:27,4,10,10,10,10,10,4
True,n178,a,57,,,s13,2/5/2022 1:32,2,9,9,6,8,8,2
True,n179,,,,,s39,2/6/2022 2:41,4,9,10,9,9,8,4
True,n180,,59,,,s43,2/7/2022 20:57,2,8,8,6,7,8,2
True,n181,,83,,,s13,2/23/2022 0:20,-3,5,6,5,5,5,-3
True,n182,a,90,,,s14,2/25/2022 2:00,1,,,,,8,1
True,n183,a,72,,,s08,2/28/2022 13:12,4,,,,,10,4
True,n184,,,,,s12,2/27/2022 14:21,-10,2,,,,,-10
True,n185,,,,,s16,2/5/2022 14:18,2,8,9,9,8,8,2
True,n186,a,73,888,15,s07,2/5/2022 12:46,4,,,,,8,4
True,n187,,75,119,1,s33,2/8/2022 15:57,2,8,9,8,8,7,2
True,n188,a,75,,,s27,2/4/2022 20:22,4,,,,,,4
True,n189,,,,,s27,2/11/2022 10:02,3,9,,,,,3
True,n190,b,69,112,2,s38,2/3/2022 16:42,-7,,10,,,,-7
True,n191,a,62,6,2,s41,2/28/2022 23:38,4,,,,,10,4
True,n192,a,66,3,1,s12,2/4/2022 14:36,4,,10,,,,4
True,n193,a,73,,,s34,2/4/2022 1:46,1,10,,,,,1
True,n194,a,71,,,s39,2/15/2022 20:27,4,,,,,,4
True,n195,a,43,,,s07,2/9/2022 16:20,0,7,6,8,8,6,0
True,n196,a,64,,,s12,2/25/2022 18:22,4,10,10,10,6,10,4
True,n197,a,70,,,s23,2/24/2022 16:56,4,10,10,6,10,8,4
True,n198,,,,,s41,2/9/2022 13:30,4,,9,,,,4
True,n199,a,54,84,3,s39,2/8/2022 10:35,4,10,10,7,8,8,4
True,n200,a,106,,,s07,2/5/2022 12:52,4,8,10,8,8,8,4
True,n201,,,,,s11,2/4/2022 0:15,-10,0,3,5,0,5,-10
True,n202,a,37,,,s21,2/22/2022 23:17,-10,2,2,4,3,2,-10
True,n203,,59,,,s29,2/27/2022 22:44,-10,,,,,,-10
True,n204,a,54,,,s24,2/10/2022 20:35,4,,,,,10,4
True,n205,a,75,25,1,s03,2/9/2022 17:14,4,7,10,8,2,7,4
True,n206,a,65,,,s31,2/7/2022 12:47,-10,3,4,1,4,4,-10
True,n207,a,83,,,s07,2/1/2022 0:57,-4,8,10,8,8,10,-4
True,n208,,49,,,s10,2/9/2022 17:47,4,10,10,10,10,10,4
True,n209,a,49,,,s32,2/6/2022 6:15,-10,5,6,7,2,3,-10
True,n210,b,72,,,s16,2/28/2022 1:39,4,10,10,9,9,10,4
True,n211,,63,,,s03,2/23/2022 5:00,4,5,5,5,5,5,4
True,n212,a,45,1,1,s16,2/24/2022 12:24,4,10,10,10,10,10,4
True,n213,,61,5,1,s31,2/23/2022 11:43,4,10,10,3,10,10,4
True,n214,a,81,,,s14,2/1/2022 23:39,-5,10,10,8,8,9,-5
True,n215,a,79,20,1,s12,2/9/2022 18:28,-10,1,1,8,3,2,-10
True,n216,a,82,,,s25,2/5/2022 2:42,3,,,,,8,3
True,n217,a,69,,,s07,2/4/2022 18:23,0,5,5,2,5,5,0
True,n218,a,80,,,s12,2/24/2022 22:25,-3,5,6,5,5,5,-3
True,n219,b,64,,,s04,2/7/2022 21:35,-9,2,1,3,0,3,-9
True,n220,a,78,63,1,s24,2/23/2022 11:46,3,10,10,9,9,9,3
True,n221,a,78,,,s03,2/27/2022 1:48,2,9,9,9,9,8,2
True,n222,,32,,,s39,2/5/2022 14:14,4,10,10,8,9,10,4
True,n223,a,92,,,s04,2/25/2022 19:41,2,,,,,,2
True,n224,,70,,,s30,2/22/2022 16:47,-10,0,7,,1,3,-10
True,n225,a,63,,,s07,2/9/2022 12:08,0,6,7,6,7,5,0
True,n226,,67,,,s18,2/28/2022 17:27,1,,,,,,1
True,n227,a,121,,,s39,2/22/2022 15:11,4,9,10,9,9,9,4
True,n228,,,,,s10,2/28/2022 16:24,4,,,,,,4
True,n229,,68,,,s17,2/1/2022 2:51,-10,,1,,,,-10
True,n230,a,46,,,s32,2/18/2022 13:42,0,6,6,5,5,5,0
True,n231,,70,,,s08,2/10/2022 11:30,4,10,10,7,8,10,4
True,n232,,57,,,s12,2/5/2022 9:12,4,5,10,5,4,5,4
True,n233,a,71,,,s13,2/27/2022 12:10,4,,10,,,,4
True,n234,a,64,,,s22,2/24/2022 14:09,4,10,10,10,10,10,4
True,n235,,,,,s03,2/22/2022 18:11,-10,0,4,0,0,0,-10
True,n236,,,,,s33,2/7/2022 17:24,3,8,9,5,5,5,3
True,n237,a,55,,,s07,2/9/2022 16:58,3,9,9,4,9,5,3
True,n238,a,63,112,2,s08,2/6/2022 2:46,-9,,,,,,-9
True,n239,c,66,,,s35,2/23/2022 11:11,4,10,8,10,10,9,4
True,n240,,,,,s15,2/9/2022 20:14,4,,10,,,,4
True,n241,a,60,,,s32,2/4/2022 5:09,-10,5,5,5,5,4,-10
True,n242,,61,,,s38,2/23/2022 10:01,2,9,10,8,9,10,2
True,n243,a,85,,,s04,2/24/2022 15:41,2,,8,,,,2
True,n244,,65,,,s14,2/28/2022 18:57,4,,10,,,,4
True,n245,b,61,,,s39,2/8/2022 19:15,4,,10,,,,4
True,n246,a,89,,,s31,2/6/2022 18:45,4,10,10,8,8,10,4
True,n247,,65,,,s12,2/22/2022 17:47,2,8,8,8,8,8,2
True,n248,a,63,,,s42,2/26/2022 18:35,3,10,10,10,10,9,3
True,n249,a,59,70,2,s12,2/7/2022 19:05,4,10,10,10,10,10,4
True,n250,,82,,,s39,2/3/2022 18:45,-7,10,10,10,9,9,-7
True,n251,a,67,,,s20,2/28/2022 18:34,4,,,,,9,4
True,n252,a,87,,,s13,2/1/2022 16:28,-4,8,,,,,-4
True,n253,,65,,,s39,2/6/2022 21:27,2,,9,,,,2
True,n254,a,54,,,s07,2/24/2022 3:54,3,9,8,5,7,9,3
True,n255,,121,,,s33,2/24/2022 18:02,-10,0,0,0,0,0,-10
True,n256,a,79,,,s07,2/9/2022 21:01,3,,,,,8,3
True,n257,a,73,,,s28,2/23/2022 4:44,1,7,7,8,5,7,1
True,n258,a,86,,,s20,2/8/2022 2:44,4,,10,,,,4
True,n259,,72,,,s38,2/24/2022 2:46,-10,,,,,,-10
True,n260,a,81,,,s16,2/9/2022 0:00,2,8,8,7,7,8,2
True,n261,a,64,,,s02,2/25/2022 16:38,-10,,0,,,0,-10
True,n262,,69,,,s39,2/23/2022 19:54,-10,,,,,,-10
True,n263,,,,,s45,2/24/2022 18:49,4,9,,,,9,4
True,n264,c,75,,,s32,2/24/2022 17:19,2,5,8,6,9,4,2
True,n265,,79,10,1,s18,2/21/2022 22:24,4,5,8,7,6,10,4
True,n266,a,72,,,s02,2/22/2022 19:17,-10,2,3,3,1,2,-10
True,n267,a,81,93,3,s22,2/25/2022 13:19,2,,,,,,2
True,n268,a,64,10,2,s03,2/9/2022 2:10,4,,10,,,,4
True,n269,a,95,,,s32,2/22/2022 15:38,-10,0,0,2,0,0,-10
True,n270,a,81,,,s27,2/25/2022 17:49,1,7,7,8,7,6,1
True,n271,a,81,,,s39,2/23/2022 11:17,4,,10,,,,4
True,n272,,121,,,s27,2/4/2022 21:09,4,10,10,8,8,10,4
True,n273,,,,,s39,2/23/2022 6:13,4,10,10,10,10,10,4
True,n274,a,62,,,s12,2/22/2022 17:15,2,,,,,8,2
True,n275,a,51,,,s30,2/6/2022 21:32,4,10,10,10,10,10,4
True,n276,a,62,6,1,s01,2/28/2022 17:47,2,,,,,8,2
True,n277,,50,,,s32,2/28/2022 16:32,4,,,,,,4
True,n278,,68,,,s24,2/1/2022 20:01,1,7,8,6,5,7,1
True,n279,,,,,s03,2/22/2022 14:32,-6,,,,,,-6
True,n280,a,61,,,s08,2/7/2022 20:37,3,9,9,9,9,9,3
True,n281,a,59,,,s24,2/2/2022 10:45,2,9,9,9,9,9,2
True,n282,,,,,s12,2/3/2022 2:00,-7,10,10,7,8,10,-7
True,n283,,76,,,s39,2/21/2022 18:13,4,9,9,8,9,10,4
True,n284,,,,,s25,2/22/2022 18:44,-10,5,5,0,0,4,-10
True,n285,a,77,13,2,s07,2/5/2022 0:01,4,10,9,10,10,10,4
True,n286,a,72,,,s12,2/24/2022 16:47,4,10,10,10,10,10,4
True,n287,,,,,s13,2/21/2022 21:16,4,,,,,8,4
True,n288,b,81,,,s26,2/9/2022 18:18,1,,,,,,1
True,n289,a,80,,,s41,2/8/2022 5:02,4,,10,,,,4
True,n290,a,56,,,s38,2/6/2022 15:11,4,10,10,9,10,8,4
True,n291,,,,,s16,2/28/2022 12:46,4,,10,,,,4
True,n292,a,55,,,s27,2/7/2022 4:17,0,6,5,6,5,6,0
True,n293,a,63,,,s21,2/2/2022 16:59,-7,,,,,,-7
True,n294,,51,,,s33,2/8/2022 2:53,4,,10,,,,4
True,n295,,57,,,s01,2/27/2022 22:56,4,,10,,,,4
True,n296,a,52,,,s32,2/25/2022 5:18,2,9,10,9,9,8,2
True,n297,a,79,,,s01,2/24/2022 14:44,4,9,9,9,9,11,4
True,n298,a,121,,,s11,2/6/2022 19:48,4,,10,,,,4
True,n299,a,65,,,s02,2/25/2022 17:09,4,10,10,10,10,10,4
True,n300,a,80,,,s08,2/24/2022 21:39,4,10,10,9,10,10,4
True,n301,a,57,6,1,s18,2/22/2022 16:36,2,9,8,8,9,9,2
True,n302,a,70,,,s37,2/10/2022 2:26,4,9,9,8,8,8,4
True,n303,a,65,,,s27,2/26/2022 8:39,4,10,10,5,6,8,4
True,n304,,69,474,3,s40,2/3/2022 19:43,1,7,,,,,1
True,n305,,60,76,2,s13,2/25/2022 1:17,3,10,,,,,3
True,n306,,,,,s12,2/2/2022 12:53,0,,,,,,0
True,n307,a,78,,,s12,2/6/2022 20:02,2,,9,,,,2
True,n308,,,,,s43,2/24/2022 2:00,1,7,7,4,5,6,1
True,n309,a,59,,,s03,2/22/2022 15:43,-10,5,5,5,5,4,-10
True,n310,a,57,,,s41,2/4/2022 17:25,5,10,10,8,10,9,5
True,n311,a,66,,,s12,2/8/2022 20:54,3,8,10,5,7,8,3
True,n312,a,46,4,1,s39,2/23/2022 0:58,3,,,,,,3
True,n313,a,74,,,s07,2/26/2022 1:02,4,,,,,,4
True,n314,a,69,,,s27,2/4/2022 18:55,3,9,9,8,9,9,3
True,n315,a,38,81,1,s37,2/8/2022 13:42,-10,2,3,3,2,5,-10
True,n316,a,81,,,s03,2/9/2022 18:27,2,6,8,5,5,6,2
True,n317,,121,,,s22,2/27/2022 13:39,4,,,,,,4
True,n318,a,69,,,s04,2/1/2022 23:52,-5,10,10,10,10,10,-5
True,n319,,121,,,s24,2/21/2022 20:21,4,10,10,8,10,10,4
True,n320,,,,,s13,2/27/2022 13:09,-6,,,,,,-6
True,n321,a,74,,,s18,2/5/2022 5:43,3,8,8,4,8,8,3
True,n322,a,55,26,3,s14,2/1/2022 13:52,-1,,10,,,,-1
True,n323,c,66,,,s44,2/3/2022 18:58,2,,,,,,2
True,n324,c,81,,,s07,2/8/2022 23:57,4,,10,,,,4
True,n325,,68,,,s07,2/23/2022 16:25,4,10,,,,,4
True,n326,,67,,,s12,2/22/2022 11:45,4,10,10,10,10,10,4
True,n327,a,51,,,s03,2/2/2022 6:01,2,7,8,6,6,7,2
True,n328,a,79,,,s29,2/27/2022 2:34,-10,1,,,,,-10
True,n329,b,81,,,s07,2/8/2022 18:25,3,9,9,10,7,7,3
True,n330,,40,,,s39,2/28/2022 2:00,4,,,,,,4
True,n331,,27,,,s07,2/2/2022 13:04,-2,10,10,10,10,10,-2
True,n332,a,45,,,s07,2/22/2022 1:45,4,10,10,9,10,10,4
True,n333,a,61,,,s32,2/4/2022 3:55,4,,9,,,,4
True,n334,a,86,,,s44,2/4/2022 21:19,2,8,,,,,2
True,n335,,42,,,s24,2/25/2022 17:59,4,10,10,3,10,10,4
True,n336,a,80,,,s07,2/3/2022 17:27,-7,9,9,8,9,9,-7
True,n337,,,,,s40,2/4/2022 2:49,2,,,,,8,2
True,n338,,54,,,s05,2/8/2022 1:10,-2,5,5,0,5,5,-2
True,n339,a,66,,,s07,2/23/2022 3:04,2,7,8,7,7,7,2
True,n340,a,61,30,4,s06,2/24/2022 19:58,-10,,,,,,-10
True,n341,a,63,,,s39,2/22/2022 14:50,4,10,10,8,10,10,4
True,n342,,53,,,s08,2/22/2022 14:35,3,9,9,8,8,8,3
True,n343,a,62,100,1,s01,2/2/2022 3:29,-5,,,,,,-5
True,n344,a,65,,,s08,2/11/2022 1:20,3,,,,,9,3
True,n345,a,87,,,s13,2/26/2022 22:41,4,8,10,8,8,8,4
True,n346,,74,37,5,s12,2/23/2022 16:02,4,10,10,10,10,11,4
True,n347,,,,,s08,2/8/2022 15:18,3,8,,,,,3
True,n348,a,58,,,s08,2/7/2022 7:13,4,,,,,10,4
True,n349,a,70,,,s22,2/23/2022 12:50,-10,,,,,,-10
True,n350,,,,,s10,2/24/2022 15:23,4,10,10,10,10,10,4
True,n351,a,67,,,s23,2/1/2022 14:35,-4,8,8,7,7,11,-4
True,n352,,63,,,s03,2/9/2022 5:23,4,7,7,7,6,9,4
True,n353,a,68,,,s44,2/8/2022 0:02,4,10,10,10,8,10,4
True,n354,,,,,s34,2/27/2022 19:56,3,,,,,,3
True,n355,a,60,,,s28,2/23/2022 15:02,4,9,6,8,8,8,4
True,n356,,68,,,s03,2/28/2022 16:12,0,,,,,6,0
True,n357,a,74,,,s07,2/25/2022 10:24,4,,10,,,,4
True,n358,a,76,,,s12,2/28/2022 19:34,-10,,,,,,-10
True,n359,,,,,s44,2/6/2022 23:11,4,,,,,,4
True,n360,a,54,36,1,s39,2/25/2022 15:59,4,10,10,10,10,10,4
True,n361,a,64,,,s29,2/25/2022 17:35,4,10,10,10,10,10,4
True,n362,a,54,435,16,s30,2/1/2022 21:41,-5,8,8,8,8,8,-5
True,n363,a,68,,,s30,2/26/2022 15:38,4,10,10,10,10,10,4
True,n364,a,76,,,s20,2/7/2022 23:54,3,,9,,,,3
True,n365,b,67,,,s39,2/23/2022 20:27,4,10,10,10,10,6,4
True,n366,a,70,,,s05,2/5/2022 1:29,4,10,10,9,9,10,4
True,n367,a,121,,,s43,2/4/2022 17:46,3,9,9,7,9,11,3
True,n368,,83,,,s39,2/23/2022 17:35,-10,4,5,8,5,4,-10
True,n369,,64,,,s03,2/22/2022 14:49,4,10,10,10,10,10,4
True,n370,,89,,,s20,2/25/2022 23:31,0,,,,,,0
True,n371,a,71,,,s07,2/5/2022 11:31,-10,10,,,,,-10
True,n372,b,54,,,s03,2/28/2022 17:20,2,9,,,,,2
True,n373,a,84,,,s05,2/24/2022 15:32,2,8,8,5,7,11,2
True,n374,a,74,,,s34,2/6/2022 19:11,1,8,10,8,7,6,1
True,n375,a,33,,,s07,2/3/2022 23:19,2,,9,,,,2
True,n376,c,67,,,s40,2/23/2022 16:53,4,,10,10,,,4
True,n377,a,68,10,1,s13,2/25/2022 20:38,-10,,7,,,,-10
True,n378,,,,,s21,2/24/2022 22:55,4,,10,,,,4
True,n379,,,,,s05,2/3/2022 1:22,-5,,9,,,,-5
True,n380,a,65,,,s07,2/22/2022 4:17,-10,2,5,5,3,2,-10
True,n381,a,70,,,s39,2/1/2022 19:17,-1,,10,,,,-1
True,n382,a,70,,,s41,2/28/2022 14:47,4,10,,,,,4
True,n383,a,67,,,s44,2/24/2022 14:02,2,7,6,5,5,8,2
True,n384,,67,,,s10,2/22/2022 20:28,2,8,9,8,8,9,2
True,n385,,,,,s03,2/1/2022 23:37,-10,1,1,5,0,0,-10
True,n386,,77,,,s29,2/28/2022 15:34,-10,,5,,,,-10
True,n387,a,121,,,s29,2/7/2022 17:48,3,8,8,7,8,9,3
True,n388,,121,,,s07,2/3/2022 6:33,-7,5,2,10,9,0,-7
True,n389,a,80,,,s20,2/22/2022 22:50,4,10,,,,,4
True,n390,,47,,,s31,2/22/2022 17:00,4,10,10,9,10,10,4
True,n391,,,,,s39,2/6/2022 6:57,2,9,9,8,8,8,2
True,n392,a,54,,,s12,2/3/2022 15:45,-5,7,9,9,7,7,-5
True,n393,a,71,48,1,s17,2/22/2022 19:47,2,8,9,7,8,8,2
True,n394,,72,,,s30,2/22/2022 23:56,4,9,10,9,10,7,4
True,n395,a,65,,,s08,2/1/2022 0:22,-1,10,10,10,10,10,-1
True,n396,,,,,s14,2/22/2022 15:18,4,8,10,6,8,7,4
True,n397,a,56,25,1,s07,2/22/2022 20:44,3,10,10,9,9,10,3
True,n398,a,71,,,s27,2/12/2022 22:55,1,,,,,,1
True,n399,,51,8,1,s35,2/4/2022 12:19,3,9,10,10,10,9,3
True,n400,,,,,s22,2/27/2022 16:23,4,,,,,,4
True,n401,a,58,,,s11,2/24/2022 18:55,4,,10,,,9,4
True,n402,,63,,,s12,2/27/2022 12:51,4,,,,,9,4
True,n403,,,,,s03,2/22/2022 18:33,4,10,10,10,10,10,4
True,n404,,,,,s12,2/24/2022 22:11,-10,,,,,,-10
True,n405,a,37,,,s39,2/7/2022 0:53,-10,,,,,0,-10
True,n406,a,79,,,s41,2/24/2022 1:58,4,10,10,10,10,10,4
True,n407,a,59,,,s12,2/4/2022 23:40,-10,,,,,,-10
True,n408,a,61,,,s41,2/22/2022 22:58,2,,,,,,2
True,n409,,61,,,s39,2/7/2022 17:03,4,10,,,,,4
True,n410,a,68,,,s11,2/5/2022 2:09,0,,,,,7,0
True,n411,a,46,,,s12,2/25/2022 13:16,2,,,,,8,2
True,n412,,,,,s12,2/4/2022 6:29,4,,7,,,,4
True,n413,,,,,s23,2/28/2022 21:52,4,,,,,,4
True,n414,a,56,,,s38,2/27/2022 11:22,4,8,10,8,10,7,4
True,n415,a,65,14,1,s07,2/28/2022 15:30,4,,,,,,4
True,n416,a,71,26,3,s12,2/28/2022 2:23,3,,,,,,3
True,n417,,66,,,s01,2/1/2022 6:29,-7,1,1,1,1,1,-7
True,n418,,,,,s13,2/5/2022 0:04,2,,9,,,,2
True,n419,a,64,,,s10,2/1/2022 15:58,-10,1,1,1,1,1,-10
True,n420,a,71,,,s12,2/8/2022 22:08,3,8,9,9,8,8,3
True,n421,a,53,,,s07,2/1/2022 22:53,-10,1,1,0,1,1,-10
True,n422,a,52,,,s31,2/6/2022 16:50,4,,,,,10,4
True,n423,,79,,,s12,2/27/2022 0:26,4,,10,,,,4
True,n424,a,121,17,1,s43,2/4/2022 23:25,4,,10,5,7,,4
True,n425,a,35,,,s07,2/21/2022 16:57,-10,0,0,0,0,0,-10
True,n426,,,,,s07,2/3/2022 20:29,-10,,0,,,,-10
True,n427,,55,,,s23,2/26/2022 16:59,4,,,,,,4
True,n428,a,87,,,s13,2/8/2022 22:47,4,10,10,10,10,10,4
True,n429,,,,,s45,2/10/2022 18:14,3,9,10,10,9,8,3
True,n430,b,74,2,1,s07,2/9/2022 17:37,2,8,8,8,7,8,2
True,n431,a,67,,,s30,2/28/2022 12:27,3,9,,,,,3
True,n432,,71,,,s21,2/27/2022 21:27,2,,,,,8,2
True,n433,,,,,s12,2/25/2022 15:01,4,,10,,,,4
True,n434,,,,,s39,2/28/2022 13:06,-9,,4,,,,-9
True,n435,a,66,,,s12,2/21/2022 21:48,3,9,9,9,9,9,3
True,n436,,66,74,3,s01,2/28/2022 23:39,-3,,,,,,-3
True,n437,c,73,,,s07,2/23/2022 22:50,-10,0,6,0,0,0,-10
True,n438,,,,,s07,2/24/2022 7:10,2,9,9,8,9,8,2
True,n439,a,61,,,s38,2/26/2022 19:38,-7,1,1,1,1,1,-7
True,n440,,,,,s24,2/22/2022 15:28,4,9,9,9,9,9,4
True,n441,,54,,,s19,2/4/2022 22:49,2,8,8,8,8,8,2
True,n442,a,69,,,s14,2/6/2022 2:08,4,,10,,,,4
True,n443,,,,,s01,2/24/2022 0:21,4,10,10,10,10,10,4
True,n444,a,83,,,s24,2/23/2022 18:27,4,10,10,9,10,11,4
True,n445,a,56,,,s44,2/4/2022 18:59,5,10,10,10,10,10,5
True,n446,,67,,,s43,2/24/2022 12:37,2,8,3,7,6,1,2
True,n447,,,,,s20,2/6/2022 14:09,4,10,10,6,6,11,4
True,n448,a,39,,,s24,2/4/2022 2:05,3,9,9,9,9,9,3
True,n449,,,,,s34,2/10/2022 4:06,4,10,10,5,10,0,4
True,n450,a,67,,,s12,2/2/2022 16:44,-5,,8,,,,-5
True,n451,a,79,20,1,s10,2/3/2022 13:20,-5,8,8,5,8,8,-5
True,n452,a,63,,,s07,2/28/2022 23:52,2,8,10,5,5,8,2
True,n453,a,49,,,s04,2/28/2022 7:26,-10,,0,,,,-10
True,n454,a,54,,,s18,2/6/2022 5:41,0,5,5,4,5,5,0
True,n455,a,66,,,s12,2/27/2022 1:58,4,,10,,,,4
True,n456,,72,,,s44,2/9/2022 19:08,3,9,9,9,9,9,3
True,n457,c,66,,,s39,2/6/2022 16:48,-10,,,,,,-10
True,n458,b,51,,,s10,2/14/2022 5:26,-10,7,5,6,6,4,-10
True,n459,a,68,,,s24,2/25/2022 22:55,3,,,,,,3
True,n460,a,86,62,1,s03,2/10/2022 6:17,2,9,8,8,8,8,2
True,n461,a,65,72,2,s03,2/28/2022 5:10,4,,10,,,,4
True,n462,,,,,s03,2/25/2022 15:19,2,6,3,2,6,7,2
True,n463,b,51,,,s38,2/4/2022 13:24,4,8,7,7,8,8,4
True,n464,a,68,10,1,s27,2/28/2022 23:20,2,7,6,7,5,9,2
True,n465,a,85,,,s43,2/4/2022 1:38,2,,,,,6,2
True,n466,,,,,s24,2/23/2022 2:56,4,10,10,10,10,10,4
True,n467,,,,,s30,2/25/2022 17:03,-10,0,0,0,0,0,-10
True,n468,a,66,,,s27,2/28/2022 21:09,-7,,1,,,,-7
True,n469,,58,,,s16,2/2/2022 16:48,-8,4,4,9,4,4,-8
True,n470,a,86,,,s12,2/22/2022 15:31,-6,0,0,0,0,0,-6
True,n471,a,57,20,2,s12,2/7/2022 14:18,2,7,9,7,6,7,2
True,n472,a,81,,,s03,2/3/2022 20:00,4,,10,,,,4
True,n473,a,65,,,s12,2/28/2022 18:22,-10,,,,,,-10
True,n474,a,56,,,s12,2/3/2022 19:38,-2,6,4,5,6,7,-2
True,n475,,,,,s07,2/24/2022 23:45,-10,0,,0,,,-10
True,n476,a,62,78,1,s39,2/23/2022 17:52,4,10,10,6,10,10,4
True,n477,,,,,s38,2/3/2022 18:04,2,9,9,9,9,9,2
True,n478,a,67,,,s38,2/26/2022 13:40,4,10,10,10,10,10,4
True,n479,,,,,s30,2/28/2022 1:59,3,,10,,,,3
True,n480,,,,,s12,2/4/2022 17:09,5,10,10,9,9,5,5
True,n481,a,66,,,s02,2/1/2022 13:12,-10,,,,,,-10
True,n482,,80,,,s07,2/23/2022 18:51,2,8,9,8,8,8,2
True,n483,a,74,30,1,s22,2/5/2022 15:47,3,,,,,,3
True,n484,a,61,,,s24,2/27/2022 0:21,4,,10,,,,4
True,n485,a,61,,,s39,2/24/2022 15:52,-10,2,5,2,3,2,-10
True,n486,,70,,,s12,2/25/2022 1:22,4,,,,,7,4
True,n487,,57,,,s02,2/10/2022 0:07,3,9,9,9,6,8,3
True,n488,a,67,,,s12,2/1/2022 14:53,2,9,,9,9,,2
True,n489,,,,,s07,2/7/2022 1:18,3,9,9,9,9,9,3
True,n490,a,72,,,s08,2/24/2022 20:46,1,9,8,8,9,8,1
True,n491,a,83,85,2,s41,2/7/2022 19:26,4,,10,,,,4
True,n492,,,,,s07,2/22/2022 13:09,4,8,10,5,5,11,4
True,n493,a,65,,,s20,2/4/2022 2:05,2,5,,,,,2
True,n494,a,47,25,1,s04,2/3/2022 18:09,-10,5,5,5,5,5,-10
True,n495,b,71,,,s12,2/24/2022 12:02,-10,,,,,,-10
True,n496,a,64,,,s30,2/27/2022 13:07,2,,10,,,,2
True,n497,,121,,,s37,2/28/2022 0:36,3,,5,,,,3
True,n498,a,74,,,s02,2/9/2022 20:57,4,8,8,3,8,8,4
True,n499,a,62,,,s38,2/6/2022 20:08,1,5,6,5,5,5,1
True,n500,,43,41,5,s12,2/27/2022 0:29,4,9,10,10,10,10,4
True,n501,,48,,,s14,2/3/2022 20:25,-10,5,5,0,5,0,-10
True,n502,a,59,,,s24,2/23/2022 15:01,4,10,10,10,10,9,4
True,n503,a,60,,,s34,2/6/2022 11:17,-2,5,5,5,5,5,-2
True,n504,a,69,,,s20,2/28/2022 17:13,4,10,10,10,10,10,4
True,n505,a,65,6,1,s32,2/4/2022 14:53,4,10,10,10,8,9,4
True,n506,a,61,,,s12,2/10/2022 14:16,2,8,9,7,7,8,2
True,n507,b,72,,,s20,2/27/2022 2:12,4,,,,,10,4
True,n508,a,68,7,1,s32,2/28/2022 18:30,4,,10,,10,,4
True,n509,,53,,,s19,2/22/2022 11:09,3,8,8,8,8,8,3
True,n510,,,,,s30,2/24/2022 13:28,-10,5,5,5,5,3,-10
True,n511,a,68,6,1,s12,2/8/2022 21:12,3,,,,,,3
True,n512,b,52,2,1,s13,2/4/2022 1:58,4,10,10,10,8,10,4
True,n513,,77,,,s03,2/26/2022 17:05,4,,10,,,,4
True,n514,a,52,,,s46,2/5/2022 1:42,2,7,6,6,6,7,2
True,n515,,58,,,s14,2/23/2022 1:09,3,9,10,9,8,8,3
True,n516,,,,,s43,2/4/2022 1:13,-7,,1,,,,-7
True,n517,a,64,,,s43,2/1/2022 14:16,-7,0,0,8,0,0,-7
True,n518,a,68,38,2,s12,2/2/2022 0:43,-5,10,,,,,-5
True,n519,a,76,,,s06,2/2/2022 22:09,-2,9,9,10,7,10,-2
True,n520,a,51,,,s07,2/2/2022 21:16,-10,,4,,,,-10
True,n521,a,88,,,s05,2/1/2022 7:42,-10,0,0,0,0,11,-10
True,n522,a,60,,,s32,2/10/2022 13:44,1,8,8,8,8,7,1
True,n523,,,,,s12,2/5/2022 4:08,-10,3,4,3,2,3,-10
True,n524,a,65,,,s10,2/1/2022 23:47,2,,,,,8,2
True,n525,a,68,,,s01,2/24/2022 17:26,4,10,10,10,10,10,4
True,n526,,,,,s03,2/22/2022 17:48,4,5,7,7,8,5,4
True,n527,a,54,,,s38,2/1/2022 15:49,-1,10,10,8,10,10,-1
True,n528,a,40,,,s13,2/5/2022 15:49,4,,,,,10,4
True,n529,a,77,,,s20,2/27/2022 15:29,3,10,8,8,6,7,3
True,n530,,23,,,s28,2/27/2022 21:36,2,,8,,,,2
True,n531,a,66,,,s44,2/4/2022 20:17,2,,,,,9,2
True,n532,,,,,s39,2/23/2022 15:15,2,8,8,8,8,8,2
True,n533,a,66,,,s02,2/27/2022 5:01,1,7,,,,,1
True,n534,a,53,,,s12,2/22/2022 12:20,-10,3,3,8,2,3,-10
True,n535,,,,,s24,2/24/2022 21:52,3,9,9,9,9,9,3
True,n536,a,62,,,s39,2/9/2022 18:21,2,5,9,5,7,5,2
True,n537,a,49,,,s07,2/28/2022 2:26,3,,,,,,3
True,n538,a,51,,,s31,2/8/2022 21:18,2,5,5,4,5,7,2
True,n539,c,72,12,1,s20,2/24/2022 0:29,4,,10,,,,4
True,n540,,82,,,s39,2/24/2022 13:39,4,10,10,10,10,7,4
True,n541,,78,,,s03,2/28/2022 20:36,3,,,,,,3
True,n542,a,83,,,s44,2/4/2022 16:11,-10,5,5,5,5,5,-10
True,n543,a,70,91,1,s10,2/9/2022 22:58,4,10,10,10,10,10,4
True,n544,a,48,,,s07,2/5/2022 4:22,4,10,8,8,8,10,4
True,n545,a,64,,,s21,2/27/2022 14:37,2,,10,,,,2
True,n546,a,70,,,s20,2/13/2022 14:35,4,10,10,10,10,10,4
True,n547,b,65,126,1,s08,2/27/2022 14:42,0,,6,,,,0
True,n548,a,85,,,s39,2/1/2022 19:57,-1,,,,,,-1
True,n549,a,62,,,s12,2/3/2022 20:48,4,,,,,,4
True,n550,,,,,s08,2/9/2022 21:59,4,10,10,6,6,10,4
True,n551,,67,,,s24,2/22/2022 11:46,4,,,,,,4
True,n552,,63,,,s25,2/3/2022 3:43,2,7,7,6,7,9,2
True,n553,a,68,,,s14,2/21/2022 16:22,3,9,9,8,9,9,3
True,n554,a,67,,,s31,2/22/2022 15:29,1,,,,,,1
True,n555,,,,,s34,2/22/2022 16:37,2,8,10,8,8,8,2
True,n556,a,73,,,s14,2/1/2022 22:35,-5,10,,,,,-5
True,n557,,,,,s39,2/7/2022 18:22,4,10,10,10,10,10,4
True,n558,a,65,,,s01,2/22/2022 16:48,4,10,10,7,10,10,4
True,n559,a,70,,,s43,2/2/2022 18:04,-7,,10,,,,-7
True,n560,a,61,17,1,s04,2/28/2022 23:25,-10,2,2,2,2,2,-10
True,n561,b,72,,,s33,2/4/2022 20:11,5,7,9,10,10,6,5
True,n562,,65,,,s04,2/4/2022 2:50,2,8,8,7,7,8,2
True,n563,a,121,,,s01,2/7/2022 11:50,3,9,9,9,9,9,3
True,n564,,,,,s12,2/5/2022 11:50,4,10,10,5,10,10,4
True,n565,,,,,s07,2/25/2022 12:24,3,,,,,,3
True,n566,,75,,,s37,2/2/2022 19:12,2,,8,,,,2
True,n567,,71,31,2,s12,2/24/2022 16:31,2,7,9,9,9,8,2
True,n568,a,44,,,s39,2/27/2022 0:52,-10,,2,,,,-10
True,n569,,70,,,s12,2/27/2022 22:22,3,,,,,,3
True,n570,b,81,,,s31,2/4/2022 15:57,3,,10,,,,3
True,n571,,,,,s33,2/23/2022 16:08,1,5,5,5,5,5,1
True,n572,,,,,s07,2/27/2022 15:25,3,,,,,8,3
True,n573,a,63,,,s03,2/28/2022 12:55,3,9,9,9,9,9,3
True,n574,a,73,,,s22,2/5/2022 16:13,3,9,9,9,7,8,3
True,n575,b,66,1,1,s03,2/4/2022 2:57,-7,0,0,0,0,0,-7
True,n576,,67,,,s38,2/5/2022 23:55,-10,,,,,,-10
True,n577,a,60,,,s20,2/7/2022 3:14,-10,,0,,,,-10
True,n578,b,82,,,s02,2/22/2022 3:03,-7,1,1,1,1,1,-7
True,n579,,87,,,s25,2/22/2022 20:23,4,10,10,10,10,10,4
True,n580,,69,,,s12,2/28/2022 21:06,-10,,,,,,-10
True,n581,a,67,6,1,s30,2/3/2022 23:27,3,,,,,,3
True,n582,a,61,,,s12,2/21/2022 23:22,-7,0,2,3,1,0,-7
True,n583,,121,,,s03,2/5/2022 7:09,1,,,,,,1
True,n584,,,,,s37,2/22/2022 16:07,4,10,10,10,10,10,4
True,n585,a,68,,,s39,2/7/2022 20:14,4,,,,,,4
True,n586,,60,,,s39,2/23/2022 5:06,4,10,10,10,10,10,4
True,n587,,67,139,8,s39,2/16/2022 0:44,2,8,7,8,5,8,2
True,n588,,80,,,s24,2/25/2022 13:59,2,,9,,,,2
True,n589,a,73,,,s12,2/27/2022 16:40,-10,4,9,0,4,4,-10
True,n590,a,54,,,s34,2/1/2022 12:07,-4,9,9,7,9,9,-4
True,n591,,72,,,s20,2/25/2022 14:51,2,,,,,8,2
True,n592,,36,,,s12,2/22/2022 18:13,-6,0,0,0,0,0,-6
True,n593,a,40,,,s01,2/24/2022 0:29,2,8,9,7,7,7,2
True,n594,,,,,s20,2/6/2022 23:28,-10,1,5,0,0,0,-10
True,n595,a,69,,,s20,2/2/2022 10:06,-5,8,8,8,8,8,-5
True,n596,a,54,102,3,s44,2/5/2022 0:42,4,,,,,10,4
True,n597,a,53,6,1,s04,2/22/2022 11:52,3,9,9,8,8,9,3
True,n598,,,,,s27,2/23/2022 7:30,4,10,10,8,7,6,4
True,n599,,,,,s26,2/13/2022 15:41,2,7,8,8,8,6,2
True,n600,,,,,s15,2/1/2022 15:25,-4,2,1,5,5,7,-4
True,n601,a,59,,,s02,2/23/2022 1:38,3,9,,9,,,3
True,n602,,72,,,s07,2/22/2022 19:10,2,8,9,9,8,8,2
True,n603,,,,,s30,2/4/2022 17:03,3,,10,,,,3
True,n604,,,,,s03,2/2/2022 20:49,-7,10,10,10,10,10,-7
True,n605,a,58,,,s07,2/28/2022 19:35,2,8,8,9,8,8,2
True,n606,c,70,,,s01,2/6/2022 12:42,2,8,8,6,7,11,2
True,n607,a,59,,,s12,2/23/2022 18:19,4,10,10,10,,10,4
True,n608,,77,126,1,s07,2/4/2022 18:37,1,,,,,,1
True,n609,,55,,,s39,2/2/2022 23:19,-2,10,10,10,10,10,-2
True,n610,,71,,,s06,2/1/2022 20:21,-5,,,,,8,-5
True,n611,,87,,,s08,2/24/2022 21:54,-6,0,0,0,0,0,-6
True,n612,,,,,s27,2/22/2022 19:41,3,,,,,9,3
True,n613,,,,,s24,2/9/2022 14:02,3,9,9,10,9,9,3
True,n614,a,62,,,s12,2/24/2022 20:01,-3,5,5,4,5,5,-3
True,n615,a,69,,,s29,2/6/2022 4:28,4,10,10,10,5,9,4
True,n616,a,80,,,s38,2/24/2022 14:17,3,,,,,9,3
True,n617,,,,,s20,2/15/2022 2:10,3,9,10,9,9,9,3
True,n618,a,61,36,1,s37,2/5/2022 15:10,1,6,7,7,2,6,1
True,n619,a,70,,,s34,2/25/2022 3:15,4,10,10,10,10,8,4
True,n620,a,74,20,3,s22,2/7/2022 4:13,4,9,9,8,9,8,4
True,n621,,,,,s08,2/28/2022 13:01,3,9,,,,,3
True,n622,a,94,23,1,s18,2/28/2022 15:05,1,,,,,7,1
True,n623,a,68,,,s27,2/27/2022 23:25,4,,,,,,4
True,n624,a,70,,,s04,2/22/2022 16:06,4,,,,,10,4
True,n625,a,65,,,s30,2/6/2022 23:43,-10,,5,,,,-10
True,n626,,61,,,s30,2/28/2022 3:58,-10,0,,,,,-10
True,n627,a,46,38,2,s39,2/23/2022 19:22,4,10,10,10,10,10,4
True,n628,,74,,,s43,2/22/2022 23:08,4,10,10,10,10,10,4
True,n629,a,52,,,s31,2/22/2022 17:44,4,10,10,10,10,10,4
True,n630,,,,,s20,2/21/2022 17:02,3,9,9,7,7,9,3
True,n631,,,,,s33,2/2/2022 22:30,2,8,9,8,8,8,2
True,n632,a,84,,,s07,2/1/2022 3:19,-1,10,,,,,-1
True,n633,b,77,,,s29,2/4/2022 22:31,4,10,10,10,10,10,4
True,n634,a,58,,,s39,2/1/2022 18:05,-4,,,,,8,-4
True,n635,a,74,,,s24,2/5/2022 20:29,-10,0,0,0,0,0,-10
True,n636,,59,,,s01,2/28/2022 22:12,-10,3,0,4,4,2,-10
True,n637,a,59,,,s31,2/6/2022 12:43,4,9,9,5,8,8,4
True,n638,a,80,,,s12,2/25/2022 17:05,4,10,10,10,10,8,4
True,n639,a,60,,,s24,2/5/2022 14:46,2,8,8,6,8,8,2
True,n640,,72,,,s16,2/25/2022 3:07,4,10,8,8,9,10,4
True,n641,,,,,s08,2/3/2022 22:03,-10,5,6,0,4,5,-10
True,n642,,,,,s03,2/25/2022 20:02,3,8,8,7,7,,3
True,n643,,,,,s37,2/5/2022 0:45,4,10,8,10,8,8,4
True,n644,a,76,,,s21,2/3/2022 3:00,-7,10,10,10,10,10,-7
True,n645,a,53,,,s18,2/4/2022 21:01,4,,10,,,,4
True,n646,,121,,,s21,2/28/2022 15:38,3,,9,,,,3
True,n647,,57,,,s12,2/27/2022 14:46,4,10,10,10,10,10,4
True,n648,a,79,,,s34,2/25/2022 13:12,-3,5,6,6,5,5,-3
True,n649,a,63,45,2,s12,2/21/2022 16:47,4,10,10,10,10,8,4
True,n650,a,71,,,s08,2/25/2022 13:49,4,,,,,,4
True,n651,,121,,,s29,2/1/2022 7:31,-1,9,10,10,10,10,-1
True,n652,a,74,,,s30,2/28/2022 2:20,2,6,,4,,,2
True,n653,,69,,,s02,2/27/2022 17:26,2,,,,,8,2
True,n654,,,,,s20,2/25/2022 0:09,4,10,10,10,10,10,4
True,n655,,62,,,s17,2/23/2022 11:35,3,10,9,9,9,10,3
True,n656,b,64,,,s31,2/11/2022 18:44,-10,,,,,,-10
True,n657,a,69,,,s34,2/3/2022 13:15,2,,9,,,,2
True,n658,,87,,,s26,2/25/2022 15:24,3,8,9,8,8,8,3
True,n659,a,59,,,s07,2/2/2022 3:17,-10,,1,,,,-10
True,n660,a,57,,,s31,2/8/2022 17:18,1,,,,,,1
True,n661,,,,,s08,2/22/2022 13:27,4,9,10,7,5,11,4
True,n662,a,76,294,3,s22,2/24/2022 13:48,2,8,10,7,8,8,2
True,n663,a,62,16,4,s12,2/22/2022 14:10,4,10,10,10,10,10,4
True,n664,,,,,s07,2/22/2022 14:55,-10,4,5,3,5,5,-10
True,n665,,,,,s31,2/4/2022 0:01,-7,,,,,,-7
True,n666,a,70,,,s30,2/8/2022 12:33,-10,8,8,6,8,7,-10
True,n667,,61,,,s39,2/22/2022 19:02,-10,1,5,0,0,2,-10
True,n668,a,35,,,s10,2/26/2022 5:09,-10,1,,,,,-10
True,n669,,66,,,s07,2/25/2022 6:14,4,10,10,10,10,10,4
True,n670,a,84,,,s15,2/5/2022 15:15,3,,,,,,3
True,n671,,54,,,s18,2/22/2022 23:21,2,8,10,8,8,8,2
True,n672,c,69,,,s43,2/28/2022 18:55,3,,,,,,3
True,n673,a,81,25,1,s24,2/27/2022 19:34,4,,,,,,4
True,n674,a,77,,,s12,2/9/2022 2:42,-6,10,10,10,10,10,-6
True,n675,a,66,98,2,s40,2/7/2022 16:42,1,,,,,,1
True,n676,a,63,159,5,s03,2/4/2022 12:19,2,,,,,8,2
True,n677,a,71,,,s04,2/28/2022 23:14,1,4,3,4,4,4,1
True,n678,,,,,s15,2/10/2022 4:42,4,10,10,9,9,9,4
True,n679,a,81,,,s03,2/2/2022 19:49,-7,,10,,,,-7
True,n680,,,,,s39,2/4/2022 15:25,-10,0,0,0,0,0,-10
True,n681,a,59,,,s21,2/28/2022 23:20,2,8,8,8,8,8,2
True,n682,,121,,,s07,2/23/2022 2:50,2,9,9,9,9,11,2
True,n683,a,66,,,s07,2/25/2022 18:34,3,,,,,,3
True,n684,,66,,,s37,2/27/2022 6:41,2,,,,,8,2
True,n685,a,62,,,s44,2/24/2022 0:38,-10,3,0,0,0,8,-10
True,n686,a,84,132,5,s26,2/8/2022 19:12,3,,,,,,3
True,n687,a,77,6,1,s29,2/25/2022 15:34,4,10,8,4,7,6,4
True,n688,a,53,29,1,s22,2/3/2022 19:51,2,6,7,8,6,5,2
True,n689,a,57,,,s02,2/7/2022 5:24,4,10,10,8,8,8,4
True,n690,a,69,,,s30,2/2/2022 16:06,-7,,,,,,-7
True,n691,a,63,,,s21,2/1/2022 16:26,-7,0,0,0,0,0,-7
True,n692,a,82,,,s04,2/6/2022 20:28,4,10,10,10,10,10,4
True,n693,a,45,,,s37,2/28/2022 20:04,4,10,,,,,4
True,n694,a,71,,,s30,2/25/2022 14:04,4,10,10,10,10,10,4
True,n695,a,85,,,s32,2/1/2022 2:53,-1,9,8,9,8,9,-1
True,n696,a,71,45,5,s44,2/28/2022 13:39,4,,9,,,,4
True,n697,a,74,,,s23,2/7/2022 20:05,4,10,10,10,10,10,4
True,n698,,,,,s02,2/22/2022 15:13,2,,,,,,2
True,n699,a,70,,,s05,2/21/2022 16:16,4,10,10,10,10,10,4
True,n700,,66,,,s27,2/25/2022 19:16,3,9,9,10,10,9,3
True,n701,,65,100,2,s09,2/23/2022 18:56,4,10,10,9,10,11,4
True,n702,a,66,,,s31,2/22/2022 16:31,4,10,10,8,10,10,4
True,n703,,74,7,1,s43,2/24/2022 15:11,3,5,9,5,6,5,3
True,n704,,73,,,s30,2/23/2022 21:56,3,,,,,,3
True,n705,a,72,,,s12,2/8/2022 15:10,4,9,10,9,7,9,4
True,n706,,58,,,s24,2/23/2022 6:45,4,10,10,10,10,10,4
True,n707,,50,,,s12,2/22/2022 14:56,4,9,7,7,9,9,4
True,n708,b,60,136,1,s21,2/6/2022 22:38,4,,10,,,,4
True,n709,,,,,s12,2/23/2022 13:31,-6,0,0,0,0,0,-6
True,n710,a,73,,,s38,2/24/2022 22:53,-3,5,5,5,5,5,-3
True,n711,a,82,126,3,s38,2/25/2022 16:19,-10,,,,,,-10
True,n712,,82,,,s20,2/5/2022 16:42,-2,5,7,7,6,5,-2
True,n713,a,51,,,s12,2/4/2022 11:23,-10,,,,,,-10
True,n714,a,75,42,3,s44,2/26/2022 12:41,3,,10,,,,3
True,n715,b,50,,,s08,2/23/2022 3:34,2,8,9,8,9,8,2
True,n716,a,58,10,1,s08,2/9/2022 17:51,4,10,10,10,10,10,4
True,n717,,62,30,1,s44,2/2/2022 15:44,0,,6,,,,0
True,n718,a,75,,,s12,2/24/2022 2:36,4,10,10,9,8,11,4
True,n719,c,78,10,1,s02,2/2/2022 16:23,-7,10,9,10,10,10,-7
True,n720,a,71,,,s07,2/5/2022 15:33,4,,10,,,,4
True,n721,a,85,,,s39,2/21/2022 21:24,4,10,10,10,10,9,4
True,n722,,69,,,s07,2/22/2022 17:13,-10,4,4,5,5,5,-10
True,n723,a,75,,,s33,2/22/2022 18:46,2,8,8,5,8,8,2
True,n724,a,55,,,s07,2/5/2022 16:56,3,,8,,,,3
True,n725,a,44,,,s10,2/5/2022 20:07,3,9,9,9,9,9,3
True,n726,a,64,,,s07,2/23/2022 18:15,-10,,,,,,-10
True,n727,a,50,,,s12,2/7/2022 0:04,4,,10,,,,4
True,n728,a,73,,,s37,2/22/2022 17:51,3,9,,,,,3
True,n729,a,60,,,s44,2/5/2022 11:39,-10,5,5,0,5,5,-10
True,n730,a,63,,,s38,2/2/2022 2:20,1,7,7,2,7,8,1
True,n731,a,56,,,s07,2/22/2022 18:02,4,,,,,,4
True,n732,a,86,46,3,s41,2/24/2022 12:38,3,9,10,6,3,11,3
True,n733,a,80,,,s03,2/6/2022 3:25,4,,10,,,,4
True,n734,a,42,,,s13,2/21/2022 23:09,-10,1,7,7,1,4,-10
True,n735,a,56,,,s17,2/24/2022 15:15,-10,3,7,5,3,3,-10
True,n736,,,,,s30,2/2/2022 12:49,-5,,10,,,,-5
True,n737,,54,,,s36,2/28/2022 5:03,2,8,,,,,2
True,n738,b,68,,,s30,2/9/2022 1:37,4,,10,,,,4
True,n739,a,59,,,s22,2/6/2022 15:48,4,10,10,10,10,7,4
True,n740,,53,,,s44,2/28/2022 15:54,-10,2,2,2,2,2,-10
True,n741,,59,,,s39,2/24/2022 14:28,-10,1,1,1,0,1,-10
True,n742,,70,,,s12,2/5/2022 15:47,3,6,9,10,8,5,3
True,n743,,59,,,s25,2/24/2022 4:25,-10,0,2,2,2,0,-10
True,n744,a,74,,,s43,2/26/2022 19:30,-10,2,7,1,1,11,-10
True,n745,,,,,s05,2/24/2022 21:42,4,,10,,,,4
True,n746,a,42,,,s41,2/5/2022 15:36,4,10,10,10,10,10,4
True,n747,a,62,,,s31,2/1/2022 13:02,-4,8,10,8,8,8,-4
True,n748,a,59,,,s44,2/23/2022 18:38,-6,0,0,0,0,0,-6
True,n749,,75,,,s07,2/22/2022 12:18,3,5,8,4,6,6,3
True,n750,,121,,,s38,2/22/2022 23:24,4,10,10,10,10,10,4
True,n751,b,74,,,s12,2/21/2022 23:48,-10,0,6,9,0,0,-10
True,n752,a,107,,,s31,2/28/2022 20:50,1,7,8,6,5,8,1
True,n753,a,80,,,s02,2/8/2022 21:37,3,6,9,,8,5,3
True,n754,a,72,,,s08,2/26/2022 22:25,4,,8,,,,4
True,n755,a,90,,,s17,2/28/2022 16:57,4,,10,,,,4
True,n756,a,67,,,s31,2/3/2022 19:13,-10,0,2,0,0,0,-10
True,n757,a,79,2,1,s34,2/27/2022 17:47,3,9,9,8,8,11,3
True,n758,b,67,,,s14,2/23/2022 7:54,1,8,8,8,6,8,1
True,n759,a,41,,,s21,2/22/2022 13:17,-10,0,1,2,0,0,-10
True,n760,b,67,,,s28,2/22/2022 20:26,0,9,9,9,5,11,0
True,n761,,121,,,s16,2/24/2022 16:53,1,,,,,,1
True,n762,,,,,s18,2/28/2022 14:54,4,10,10,10,10,10,4
True,n763,,67,,,s12,2/8/2022 3:17,-10,,2,,,,-10
True,n764,a,67,,,s07,2/2/2022 12:55,1,8,8,3,3,6,1
True,n765,a,55,,,s24,2/8/2022 9:28,1,10,9,4,7,10,1
True,n766,,,,,s06,2/2/2022 16:43,-10,,5,,,,-10
True,n767,a,60,,,s08,2/4/2022 20:58,4,10,10,9,9,10,4
True,n768,,,,,s21,2/22/2022 15:03,2,10,10,10,10,10,2
True,n769,,,,,s07,2/5/2022 14:43,-2,,,,,,-2
True,n770,,,,,s31,2/5/2022 0:44,4,,10,,,,4
True,n771,,31,,,s17,2/22/2022 3:46,4,10,10,10,10,10,4
True,n772,,55,5,1,s34,2/28/2022 10:44,1,,,,,,1
True,n773,,121,,,s39,2/24/2022 20:45,4,,,,,,4
True,n774,,121,,,s03,2/4/2022 15:45,3,,,,,,3
True,n775,b,56,,,s19,2/22/2022 16:41,-10,,3,,,,-10
True,n776,a,71,,,s30,2/25/2022 0:07,4,9,9,9,10,5,4
True,n777,,47,,,s22,2/8/2022 0:17,-10,,6,,,,-10
True,n778,,62,,,s38,2/24/2022 23:22,4,,10,,,,4
True,n779,a,69,,,s07,2/25/2022 3:08,4,10,,10,10,,4
True,n780,a,62,,,s21,2/28/2022 12:50,1,,,,,,1
True,n781,a,54,,,s12,2/6/2022 16:12,2,6,6,7,5,6,2
True,n782,a,79,,,s05,2/21/2022 18:29,-8,3,3,2,3,11,-8
True,n783,,76,,,s24,2/24/2022 21:44,2,8,9,9,9,8,2
True,n784,a,69,13,5,s21,2/9/2022 3:43,3,,9,,,,3
True,n785,b,85,,,s03,2/25/2022 16:32,-10,0,0,0,0,0,-10
True,n786,,47,,,s07,2/22/2022 14:49,-10,0,0,0,0,0,-10
True,n787,,,,,s20,2/22/2022 23:05,4,10,10,9,9,10,4
True,n788,a,70,,,s39,2/25/2022 18:54,4,,,,,,4
True,n789,,,,,s07,2/24/2022 23:23,4,7,7,6,6,8,4
True,n790,,,,,s05,2/22/2022 16:21,3,10,8,8,8,10,3
True,n791,a,71,,,s39,2/10/2022 16:38,-10,8,3,10,8,9,-10
True,n792,a,53,39,3,s28,2/23/2022 3:24,4,10,10,8,10,10,4
True,n793,a,70,,,s30,2/22/2022 18:57,4,9,9,8,8,7,4
True,n794,,48,,,s01,2/6/2022 21:40,4,10,10,10,10,10,4
True,n795,a,35,,,s01,2/23/2022 15:43,3,7,9,8,7,9,3
True,n796,,,,,s39,2/3/2022 18:12,-7,,,,,,-7
True,n797,a,66,,,s24,2/23/2022 3:33,3,10,9,8,9,9,3
True,n798,,,,,s22,2/3/2022 21:50,2,8,7,8,7,8,2
True,n799,,,,,s39,2/10/2022 5:01,4,,,,,,4
True,n800,,,,,s03,2/25/2022 0:58,0,7,6,5,5,6,0
True,n801,,,,,s12,2/23/2022 13:53,4,10,10,9,9,9,4
True,n519,a,76,,,s06,2/2/2022 22:09,-2,9,9,10,7,10,-2
True,n598,,,,,s27,2/23/2022 7:30,4,10,10,8,7,6,4
True,n654,,,,,s20,2/25/2022 0:09,4,10,10,10,10,10,4
True,n408,a,61,,,s41,2/22/2022 22:58,2,,,,,,2
True,n545,a,64,,,s21,2/27/2022 14:37,2,,10,,,,2
True,n271,a,81,,,s39,2/23/2022 11:17,4,,10,,,,4
True,n403,,,,,s03,2/22/2022 18:33,4,10,10,10,10,10,4
True,n210,b,72,,,s16,2/28/2022 1:39,4,10,10,9,9,10,4
True,n017,,55,,,s20,2/24/2022 19:59,3,9,10,9,8,8,3
True,n105,,56,,,s07,2/26/2022 14:57,4,,10,,,,4
True,n644,a,76,,,s21,2/3/2022 3:00,-7,10,10,10,10,10,-7
True,n074,,,,,s39,2/28/2022 2:55,4,,,,,,4
True,n699,a,70,,,s05,2/21/2022 16:16,4,10,10,10,10,10,4
True,n096,a,69,,,s04,2/8/2022 2:25,4,9,8,9,9,8,4
