date,unity,year,month,day,n
2020-01-01,ent,2020,1,1,0.0
2020-01-01,evo,2020,1,1,0.0
2020-01-01,int,2020,1,1,0.0
2020-01-01,pri,2020,1,1,0.0
2020-01-01,sai,2020,1,1,0.0
2020-01-02,ent,2020,1,2,0.0
2020-01-02,evo,2020,1,2,0.0
2020-01-02,int,2020,1,2,0.0
2020-01-02,pri,2020,1,2,0.0
2020-01-02,sai,2020,1,2,0.0
2020-01-03,ent,2020,1,3,0.0
2020-01-03,evo,2020,1,3,1.0
2020-01-03,int,2020,1,3,1.0
2020-01-03,pri,2020,1,3,1.0
2020-01-03,sai,2020,1,3,0.0
2020-01-04,ent,2020,1,4,315.0
2020-01-04,evo,2020,1,4,825.0
2020-01-04,int,2020,1,4,815.0
2020-01-04,pri,2020,1,4,883.0
2020-01-04,sai,2020,1,4,173.0
2020-01-05,ent,2020,1,5,487.0
2020-01-05,evo,2020,1,5,1767.0
2020-01-05,int,2020,1,5,1739.0
2020-01-05,pri,2020,1,5,1967.0
2020-01-05,sai,2020,1,5,277.0
2020-01-06,ent,2020,1,6,1091.0
2020-01-06,evo,2020,1,6,3109.0
2020-01-06,int,2020,1,6,3177.0
2020-01-06,pri,2020,1,6,3524.0
2020-01-06,sai,2020,1,6,614.0
2020-01-07,ent,2020,1,7,1073.0
2020-01-07,evo,2020,1,7,3110.0
2020-01-07,int,2020,1,7,3109.0
2020-01-07,pri,2020,1,7,3545.0
2020-01-07,sai,2020,1,7,678.0
2020-01-08,ent,2020,1,8,543.0
2020-01-08,evo,2020,1,8,1615.0
2020-01-08,int,2020,1,8,1693.0
2020-01-08,pri,2020,1,8,1813.0
2020-01-08,sai,2020,1,8,322.0
2020-01-09,ent,2020,1,9,889.0
2020-01-09,evo,2020,1,9,2352.0
2020-01-09,int,2020,1,9,2504.0
2020-01-09,pri,2020,1,9,2629.0
2020-01-09,sai,2020,1,9,533.0
2020-01-10,ent,2020,1,10,591.0
2020-01-10,evo,2020,1,10,1618.0
2020-01-10,int,2020,1,10,1710.0
2020-01-10,pri,2020,1,10,1795.0
2020-01-10,sai,2020,1,10,370.0
2020-01-11,ent,2020,1,11,266.0
2020-01-11,evo,2020,1,11,730.0
2020-01-11,int,2020,1,11,802.0
2020-01-11,pri,2020,1,11,851.0
2020-01-11,sai,2020,1,11,147.0
2020-01-12,ent,2020,1,12,1015.0
2020-01-12,evo,2020,1,12,2813.0
2020-01-12,int,2020,1,12,3043.0
2020-01-12,pri,2020,1,12,3242.0
2020-01-12,sai,2020,1,12,546.0
2020-01-13,ent,2020,1,13,0.0
2020-01-13,evo,2020,1,13,0.0
2020-01-13,int,2020,1,13,0.0
2020-01-13,pri,2020,1,13,0.0
2020-01-13,sai,2020,1,13,0.0
2020-01-14,ent,2020,1,14,0.0
2020-01-14,evo,2020,1,14,0.0
2020-01-14,int,2020,1,14,0.0
2020-01-14,pri,2020,1,14,0.0
2020-01-14,sai,2020,1,14,0.0
2020-01-15,ent,2020,1,15,0.0
2020-01-15,evo,2020,1,15,0.0
2020-01-15,int,2020,1,15,0.0
2020-01-15,pri,2020,1,15,0.0
2020-01-15,sai,2020,1,15,0.0
2020-01-16,ent,2020,1,16,0.0
2020-01-16,evo,2020,1,16,0.0
2020-01-16,int,2020,1,16,0.0
2020-01-16,pri,2020,1,16,0.0
2020-01-16,sai,2020,1,16,0.0
2020-01-17,ent,2020,1,17,0.0
2020-01-17,evo,2020,1,17,0.0
2020-01-17,int,2020,1,17,0.0
2020-01-17,pri,2020,1,17,0.0
2020-01-17,sai,2020,1,17,0.0
2020-01-18,ent,2020,1,18,0.0
2020-01-18,evo,2020,1,18,0.0
2020-01-18,int,2020,1,18,0.0
2020-01-18,pri,2020,1,18,0.0
2020-01-18,sai,2020,1,18,0.0
2020-01-19,ent,2020,1,19,0.0
2020-01-19,evo,2020,1,19,0.0
2020-01-19,int,2020,1,19,0.0
2020-01-19,pri,2020,1,19,0.0
2020-01-19,sai,2020,1,19,0.0
2020-01-20,ent,2020,1,20,0.0
2020-01-20,evo,2020,1,20,0.0
2020-01-20,int,2020,1,20,0.0
2020-01-20,pri,2020,1,20,0.0
2020-01-20,sai,2020,1,20,0.0
2020-01-21,ent,2020,1,21,0.0
2020-01-21,evo,2020,1,21,0.0
2020-01-21,int,2020,1,21,0.0
2020-01-21,pri,2020,1,21,0.0
2020-01-21,sai,2020,1,21,0.0
2020-01-22,ent,2020,1,22,0.0
2020-01-22,evo,2020,1,22,0.0
2020-01-22,int,2020,1,22,0.0
2020-01-22,pri,2020,1,22,0.0
2020-01-22,sai,2020,1,22,0.0
2020-01-23,ent,2020,1,23,0.0
2020-01-23,evo,2020,1,23,0.0
2020-01-23,int,2020,1,23,0.0
2020-01-23,pri,2020,1,23,0.0
2020-01-23,sai,2020,1,23,0.0
2020-01-24,ent,2020,1,24,0.0
2020-01-24,evo,2020,1,24,0.0
2020-01-24,int,2020,1,24,0.0
2020-01-24,pri,2020,1,24,0.0
2020-01-24,sai,2020,1,24,0.0
2020-01-25,ent,2020,1,25,0.0
2020-01-25,evo,2020,1,25,0.0
2020-01-25,int,2020,1,25,0.0
2020-01-25,pri,2020,1,25,0.0
2020-01-25,sai,2020,1,25,0.0
2020-01-26,ent,2020,1,26,0.0
2020-01-26,evo,2020,1,26,0.0
2020-01-26,int,2020,1,26,0.0
2020-01-26,pri,2020,1,26,0.0
2020-01-26,sai,2020,1,26,0.0
2020-01-27,ent,2020,1,27,0.0
2020-01-27,evo,2020,1,27,0.0
2020-01-27,int,2020,1,27,0.0
2020-01-27,pri,2020,1,27,0.0
2020-01-27,sai,2020,1,27,0.0
2020-01-28,ent,2020,1,28,0.0
2020-01-28,evo,2020,1,28,0.0
2020-01-28,int,2020,1,28,0.0
2020-01-28,pri,2020,1,28,0.0
2020-01-28,sai,2020,1,28,0.0
2020-01-29,ent,2020,1,29,0.0
2020-01-29,evo,2020,1,29,0.0
2020-01-29,int,2020,1,29,0.0
2020-01-29,pri,2020,1,29,0.0
2020-01-29,sai,2020,1,29,0.0
2020-01-30,ent,2020,1,30,0.0
2020-01-30,evo,2020,1,30,0.0
2020-01-30,int,2020,1,30,0.0
2020-01-30,pri,2020,1,30,0.0
2020-01-30,sai,2020,1,30,0.0
2020-01-31,ent,2020,1,31,0.0
2020-01-31,evo,2020,1,31,0.0
2020-01-31,int,2020,1,31,0.0
2020-01-31,pri,2020,1,31,0.0
2020-01-31,sai,2020,1,31,0.0
2020-02-01,ent,2020,2,1,0.0
2020-02-01,evo,2020,2,1,0.0
2020-02-01,int,2020,2,1,0.0
2020-02-01,pri,2020,2,1,0.0
2020-02-01,sai,2020,2,1,0.0
2020-02-02,ent,2020,2,2,0.0
2020-02-02,evo,2020,2,2,0.0
2020-02-02,int,2020,2,2,0.0
2020-02-02,pri,2020,2,2,0.0
2020-02-02,sai,2020,2,2,0.0
2020-02-03,ent,2020,2,3,1.0
2020-02-03,evo,2020,2,3,3.0
2020-02-03,int,2020,2,3,4.0
2020-02-03,pri,2020,2,3,5.0
2020-02-03,sai,2020,2,3,1.0
2020-02-04,ent,2020,2,4,333.0
2020-02-04,evo,2020,2,4,846.0
2020-02-04,int,2020,2,4,834.0
2020-02-04,pri,2020,2,4,896.0
2020-02-04,sai,2020,2,4,170.0
2020-02-05,ent,2020,2,5,408.0
2020-02-05,evo,2020,2,5,1580.0
2020-02-05,int,2020,2,5,1579.0
2020-02-05,pri,2020,2,5,1772.0
2020-02-05,sai,2020,2,5,211.0
2020-02-06,ent,2020,2,6,918.0
2020-02-06,evo,2020,2,6,2808.0
2020-02-06,int,2020,2,6,2837.0
2020-02-06,pri,2020,2,6,3200.0
2020-02-06,sai,2020,2,6,478.0
2020-02-07,ent,2020,2,7,1060.0
2020-02-07,evo,2020,2,7,3046.0
2020-02-07,int,2020,2,7,3138.0
2020-02-07,pri,2020,2,7,3542.0
2020-02-07,sai,2020,2,7,648.0
2020-02-08,ent,2020,2,8,503.0
2020-02-08,evo,2020,2,8,1404.0
2020-02-08,int,2020,2,8,1508.0
2020-02-08,pri,2020,2,8,1609.0
2020-02-08,sai,2020,2,8,309.0
2020-02-09,ent,2020,2,9,765.0
2020-02-09,evo,2020,2,9,2138.0
2020-02-09,int,2020,2,9,2324.0
2020-02-09,pri,2020,2,9,2432.0
2020-02-09,sai,2020,2,9,465.0
2020-02-10,ent,2020,2,10,577.0
2020-02-10,evo,2020,2,10,1610.0
2020-02-10,int,2020,2,10,1716.0
2020-02-10,pri,2020,2,10,1813.0
2020-02-10,sai,2020,2,10,328.0
2020-02-11,ent,2020,2,11,354.0
2020-02-11,evo,2020,2,11,849.0
2020-02-11,int,2020,2,11,938.0
2020-02-11,pri,2020,2,11,986.0
2020-02-11,sai,2020,2,11,183.0
2020-02-12,ent,2020,2,12,935.0
2020-02-12,evo,2020,2,12,2617.0
2020-02-12,int,2020,2,12,2844.0
2020-02-12,pri,2020,2,12,3032.0
2020-02-12,sai,2020,2,12,515.0
2020-02-13,ent,2020,2,13,0.0
2020-02-13,evo,2020,2,13,0.0
2020-02-13,int,2020,2,13,0.0
2020-02-13,pri,2020,2,13,0.0
2020-02-13,sai,2020,2,13,0.0
2020-02-14,ent,2020,2,14,0.0
2020-02-14,evo,2020,2,14,0.0
2020-02-14,int,2020,2,14,0.0
2020-02-14,pri,2020,2,14,0.0
2020-02-14,sai,2020,2,14,0.0
2020-02-15,ent,2020,2,15,0.0
2020-02-15,evo,2020,2,15,0.0
2020-02-15,int,2020,2,15,0.0
2020-02-15,pri,2020,2,15,0.0
2020-02-15,sai,2020,2,15,0.0
2020-02-16,ent,2020,2,16,0.0
2020-02-16,evo,2020,2,16,0.0
2020-02-16,int,2020,2,16,0.0
2020-02-16,pri,2020,2,16,0.0
2020-02-16,sai,2020,2,16,0.0
2020-02-17,ent,2020,2,17,0.0
2020-02-17,evo,2020,2,17,0.0
2020-02-17,int,2020,2,17,0.0
2020-02-17,pri,2020,2,17,0.0
2020-02-17,sai,2020,2,17,0.0
2020-02-18,ent,2020,2,18,0.0
2020-02-18,evo,2020,2,18,0.0
2020-02-18,int,2020,2,18,0.0
2020-02-18,pri,2020,2,18,0.0
2020-02-18,sai,2020,2,18,0.0
2020-02-19,ent,2020,2,19,0.0
2020-02-19,evo,2020,2,19,0.0
2020-02-19,int,2020,2,19,0.0
2020-02-19,pri,2020,2,19,0.0
2020-02-19,sai,2020,2,19,0.0
2020-02-20,ent,2020,2,20,0.0
2020-02-20,evo,2020,2,20,0.0
2020-02-20,int,2020,2,20,0.0
2020-02-20,pri,2020,2,20,0.0
2020-02-20,sai,2020,2,20,0.0
2020-02-21,ent,2020,2,21,0.0
2020-02-21,evo,2020,2,21,0.0
2020-02-21,int,2020,2,21,0.0
2020-02-21,pri,2020,2,21,0.0
2020-02-21,sai,2020,2,21,0.0
2020-02-22,ent,2020,2,22,0.0
2020-02-22,evo,2020,2,22,2.0
2020-02-22,int,2020,2,22,1.0
2020-02-22,pri,2020,2,22,2.0
2020-02-22,sai,2020,2,22,0.0
2020-02-23,ent,2020,2,23,0.0
2020-02-23,evo,2020,2,23,1.0
2020-02-23,int,2020,2,23,1.0
2020-02-23,pri,2020,2,23,1.0
2020-02-23,sai,2020,2,23,0.0
2020-02-24,ent,2020,2,24,1.0
2020-02-24,evo,2020,2,24,1.0
2020-02-24,int,2020,2,24,1.0
2020-02-24,pri,2020,2,24,2.0
2020-02-24,sai,2020,2,24,0.0
2020-02-25,ent,2020,2,25,0.0
2020-02-25,evo,2020,2,25,1.0
2020-02-25,int,2020,2,25,1.0
2020-02-25,pri,2020,2,25,1.0
2020-02-25,sai,2020,2,25,0.0
2020-02-26,ent,2020,2,26,1.0
2020-02-26,evo,2020,2,26,3.0
2020-02-26,int,2020,2,26,3.0
2020-02-26,pri,2020,2,26,3.0
2020-02-26,sai,2020,2,26,1.0
2020-02-27,ent,2020,2,27,1.0
2020-02-27,evo,2020,2,27,2.0
2020-02-27,int,2020,2,27,2.0
2020-02-27,pri,2020,2,27,2.0
2020-02-27,sai,2020,2,27,0.0
2020-02-28,ent,2020,2,28,1.0
2020-02-28,evo,2020,2,28,1.0
2020-02-28,int,2020,2,28,1.0
2020-02-28,pri,2020,2,28,1.0
2020-02-28,sai,2020,2,28,1.0
2020-02-29,ent,2020,2,29,0.0
2020-02-29,evo,2020,2,29,2.0
2020-02-29,int,2020,2,29,2.0
2020-02-29,pri,2020,2,29,3.0
2020-02-29,sai,2020,2,29,0.0
2020-03-01,ent,2020,3,1,0.0
2020-03-01,evo,2020,3,1,0.0
2020-03-01,int,2020,3,1,0.0
2020-03-01,pri,2020,3,1,0.0
2020-03-01,sai,2020,3,1,0.0
2020-03-02,ent,2020,3,2,0.0
2020-03-02,evo,2020,3,2,0.0
2020-03-02,int,2020,3,2,0.0
2020-03-02,pri,2020,3,2,0.0
2020-03-02,sai,2020,3,2,0.0
2020-03-03,ent,2020,3,3,1.0
2020-03-03,evo,2020,3,3,1.0
2020-03-03,int,2020,3,3,2.0
2020-03-03,pri,2020,3,3,2.0
2020-03-03,sai,2020,3,3,1.0
2020-03-04,ent,2020,3,4,286.0
2020-03-04,evo,2020,3,4,721.0
2020-03-04,int,2020,3,4,713.0
2020-03-04,pri,2020,3,4,781.0
2020-03-04,sai,2020,3,4,163.0
2020-03-05,ent,2020,3,5,349.0
2020-03-05,evo,2020,3,5,1470.0
2020-03-05,int,2020,3,5,1460.0
2020-03-05,pri,2020,3,5,1642.0
2020-03-05,sai,2020,3,5,203.0
2020-03-06,ent,2020,3,6,926.0
2020-03-06,evo,2020,3,6,2741.0
2020-03-06,int,2020,3,6,2830.0
2020-03-06,pri,2020,3,6,3128.0
2020-03-06,sai,2020,3,6,502.0
2020-03-07,ent,2020,3,7,990.0
2020-03-07,evo,2020,3,7,2956.0
2020-03-07,int,2020,3,7,3036.0
2020-03-07,pri,2020,3,7,3362.0
2020-03-07,sai,2020,3,7,599.0
2020-03-08,ent,2020,3,8,1260.0
2020-03-08,evo,2020,3,8,3358.0
2020-03-08,int,2020,3,8,3494.0
2020-03-08,pri,2020,3,8,3730.0
2020-03-08,sai,2020,3,8,759.0
2020-03-09,ent,2020,3,9,794.0
2020-03-09,evo,2020,3,9,2138.0
2020-03-09,int,2020,3,9,2234.0
2020-03-09,pri,2020,3,9,2367.0
2020-03-09,sai,2020,3,9,473.0
2020-03-10,ent,2020,3,10,319.0
2020-03-10,evo,2020,3,10,933.0
2020-03-10,int,2020,3,10,1006.0
2020-03-10,pri,2020,3,10,1054.0
2020-03-10,sai,2020,3,10,196.0
2020-03-11,ent,2020,3,11,812.0
2020-03-11,evo,2020,3,11,1867.0
2020-03-11,int,2020,3,11,2061.0
2020-03-11,pri,2020,3,11,2164.0
2020-03-11,sai,2020,3,11,458.0
2020-03-12,ent,2020,3,12,971.0
2020-03-12,evo,2020,3,12,2676.0
2020-03-12,int,2020,3,12,2957.0
2020-03-12,pri,2020,3,12,3127.0
2020-03-12,sai,2020,3,12,553.0
2020-03-13,ent,2020,3,13,7.0
2020-03-13,evo,2020,3,13,19.0
2020-03-13,int,2020,3,13,19.0
2020-03-13,pri,2020,3,13,22.0
2020-03-13,sai,2020,3,13,4.0
2020-03-14,ent,2020,3,14,5.0
2020-03-14,evo,2020,3,14,18.0
2020-03-14,int,2020,3,14,17.0
2020-03-14,pri,2020,3,14,19.0
2020-03-14,sai,2020,3,14,4.0
2020-03-15,ent,2020,3,15,11.0
2020-03-15,evo,2020,3,15,27.0
2020-03-15,int,2020,3,15,28.0
2020-03-15,pri,2020,3,15,30.0
2020-03-15,sai,2020,3,15,5.0
2020-03-16,ent,2020,3,16,27.0
2020-03-16,evo,2020,3,16,63.0
2020-03-16,int,2020,3,16,58.0
2020-03-16,pri,2020,3,16,68.0
2020-03-16,sai,2020,3,16,15.0
2020-03-17,ent,2020,3,17,32.0
2020-03-17,evo,2020,3,17,71.0
2020-03-17,int,2020,3,17,72.0
2020-03-17,pri,2020,3,17,82.0
2020-03-17,sai,2020,3,17,12.0
2020-03-18,ent,2020,3,18,73.0
2020-03-18,evo,2020,3,18,129.0
2020-03-18,int,2020,3,18,129.0
2020-03-18,pri,2020,3,18,137.0
2020-03-18,sai,2020,3,18,36.0
2020-03-19,ent,2020,3,19,83.0
2020-03-19,evo,2020,3,19,145.0
2020-03-19,int,2020,3,19,145.0
2020-03-19,pri,2020,3,19,164.0
2020-03-19,sai,2020,3,19,40.0
2020-03-20,ent,2020,3,20,124.0
2020-03-20,evo,2020,3,20,266.0
2020-03-20,int,2020,3,20,256.0
2020-03-20,pri,2020,3,20,279.0
2020-03-20,sai,2020,3,20,71.0
2020-03-21,ent,2020,3,21,69.0
2020-03-21,evo,2020,3,21,144.0
2020-03-21,int,2020,3,21,142.0
2020-03-21,pri,2020,3,21,151.0
2020-03-21,sai,2020,3,21,40.0
2020-03-22,ent,2020,3,22,66.0
2020-03-22,evo,2020,3,22,163.0
2020-03-22,int,2020,3,22,161.0
2020-03-22,pri,2020,3,22,170.0
2020-03-22,sai,2020,3,22,38.0
2020-03-23,ent,2020,3,23,213.0
2020-03-23,evo,2020,3,23,436.0
2020-03-23,int,2020,3,23,419.0
2020-03-23,pri,2020,3,23,457.0
2020-03-23,sai,2020,3,23,104.0
2020-03-24,ent,2020,3,24,170.0
2020-03-24,evo,2020,3,24,411.0
2020-03-24,int,2020,3,24,393.0
2020-03-24,pri,2020,3,24,438.0
2020-03-24,sai,2020,3,24,102.0
2020-03-25,ent,2020,3,25,226.0
2020-03-25,evo,2020,3,25,445.0
2020-03-25,int,2020,3,25,439.0
2020-03-25,pri,2020,3,25,462.0
2020-03-25,sai,2020,3,25,129.0
2020-03-26,ent,2020,3,26,233.0
2020-03-26,evo,2020,3,26,555.0
2020-03-26,int,2020,3,26,571.0
2020-03-26,pri,2020,3,26,596.0
2020-03-26,sai,2020,3,26,118.0
2020-03-27,ent,2020,3,27,270.0
2020-03-27,evo,2020,3,27,646.0
2020-03-27,int,2020,3,27,648.0
2020-03-27,pri,2020,3,27,683.0
2020-03-27,sai,2020,3,27,139.0
2020-03-28,ent,2020,3,28,157.0
2020-03-28,evo,2020,3,28,399.0
2020-03-28,int,2020,3,28,393.0
2020-03-28,pri,2020,3,28,423.0
2020-03-28,sai,2020,3,28,89.0
2020-03-29,ent,2020,3,29,129.0
2020-03-29,evo,2020,3,29,392.0
2020-03-29,int,2020,3,29,377.0
2020-03-29,pri,2020,3,29,405.0
2020-03-29,sai,2020,3,29,71.0
2020-03-30,ent,2020,3,30,405.0
2020-03-30,evo,2020,3,30,1000.0
2020-03-30,int,2020,3,30,1000.0
2020-03-30,pri,2020,3,30,1070.0
2020-03-30,sai,2020,3,30,238.0
2020-03-31,ent,2020,3,31,344.0
2020-03-31,evo,2020,3,31,794.0
2020-03-31,int,2020,3,31,835.0
2020-03-31,pri,2020,3,31,878.0
2020-03-31,sai,2020,3,31,180.0
2020-04-01,ent,2020,4,1,0.0
2020-04-01,evo,2020,4,1,0.0
2020-04-01,int,2020,4,1,0.0
2020-04-01,pri,2020,4,1,0.0
2020-04-01,sai,2020,4,1,0.0
2020-04-02,ent,2020,4,2,0.0
2020-04-02,evo,2020,4,2,0.0
2020-04-02,int,2020,4,2,0.0
2020-04-02,pri,2020,4,2,0.0
2020-04-02,sai,2020,4,2,0.0
2020-04-03,ent,2020,4,3,1.0
2020-04-03,evo,2020,4,3,2.0
2020-04-03,int,2020,4,3,2.0
2020-04-03,pri,2020,4,3,2.0
2020-04-03,sai,2020,4,3,1.0
2020-04-04,ent,2020,4,4,183.0
2020-04-04,evo,2020,4,4,521.0
2020-04-04,int,2020,4,4,523.0
2020-04-04,pri,2020,4,4,564.0
2020-04-04,sai,2020,4,4,105.0
2020-04-05,ent,2020,4,5,958.0
2020-04-05,evo,2020,4,5,3032.0
2020-04-05,int,2020,4,5,3134.0
2020-04-05,pri,2020,4,5,3445.0
2020-04-05,sai,2020,4,5,431.0
2020-04-06,ent,2020,4,6,897.0
2020-04-06,evo,2020,4,6,2509.0
2020-04-06,int,2020,4,6,2549.0
2020-04-06,pri,2020,4,6,2904.0
2020-04-06,sai,2020,4,6,506.0
2020-04-07,ent,2020,4,7,638.0
2020-04-07,evo,2020,4,7,1817.0
2020-04-07,int,2020,4,7,1892.0
2020-04-07,pri,2020,4,7,2115.0
2020-04-07,sai,2020,4,7,379.0
2020-04-08,ent,2020,4,8,1005.0
2020-04-08,evo,2020,4,8,2820.0
2020-04-08,int,2020,4,8,2936.0
2020-04-08,pri,2020,4,8,3106.0
2020-04-08,sai,2020,4,8,609.0
2020-04-09,ent,2020,4,9,814.0
2020-04-09,evo,2020,4,9,2170.0
2020-04-09,int,2020,4,9,2293.0
2020-04-09,pri,2020,4,9,2399.0
2020-04-09,sai,2020,4,9,507.0
2020-04-10,ent,2020,4,10,296.0
2020-04-10,evo,2020,4,10,844.0
2020-04-10,int,2020,4,10,896.0
2020-04-10,pri,2020,4,10,935.0
2020-04-10,sai,2020,4,10,179.0
2020-04-11,ent,2020,4,11,689.0
2020-04-11,evo,2020,4,11,1665.0
2020-04-11,int,2020,4,11,1848.0
2020-04-11,pri,2020,4,11,1950.0
2020-04-11,sai,2020,4,11,399.0
2020-04-12,ent,2020,4,12,971.0
2020-04-12,evo,2020,4,12,2592.0
2020-04-12,int,2020,4,12,2832.0
2020-04-12,pri,2020,4,12,3007.0
2020-04-12,sai,2020,4,12,516.0
2020-04-13,ent,2020,4,13,505.0
2020-04-13,evo,2020,4,13,1503.0
2020-04-13,int,2020,4,13,1496.0
2020-04-13,pri,2020,4,13,1698.0
2020-04-13,sai,2020,4,13,219.0
2020-04-14,ent,2020,4,14,441.0
2020-04-14,evo,2020,4,14,1352.0
2020-04-14,int,2020,4,14,1334.0
2020-04-14,pri,2020,4,14,1532.0
2020-04-14,sai,2020,4,14,208.0
2020-04-15,ent,2020,4,15,491.0
2020-04-15,evo,2020,4,15,1334.0
2020-04-15,int,2020,4,15,1386.0
2020-04-15,pri,2020,4,15,1526.0
2020-04-15,sai,2020,4,15,221.0
2020-04-16,ent,2020,4,16,451.0
2020-04-16,evo,2020,4,16,1319.0
2020-04-16,int,2020,4,16,1324.0
2020-04-16,pri,2020,4,16,1463.0
2020-04-16,sai,2020,4,16,220.0
2020-04-17,ent,2020,4,17,413.0
2020-04-17,evo,2020,4,17,1307.0
2020-04-17,int,2020,4,17,1316.0
2020-04-17,pri,2020,4,17,1477.0
2020-04-17,sai,2020,4,17,201.0
2020-04-18,ent,2020,4,18,292.0
2020-04-18,evo,2020,4,18,938.0
2020-04-18,int,2020,4,18,948.0
2020-04-18,pri,2020,4,18,1067.0
2020-04-18,sai,2020,4,18,159.0
2020-04-19,ent,2020,4,19,232.0
2020-04-19,evo,2020,4,19,882.0
2020-04-19,int,2020,4,19,864.0
2020-04-19,pri,2020,4,19,983.0
2020-04-19,sai,2020,4,19,129.0
2020-04-20,ent,2020,4,20,632.0
2020-04-20,evo,2020,4,20,1773.0
2020-04-20,int,2020,4,20,1803.0
2020-04-20,pri,2020,4,20,2008.0
2020-04-20,sai,2020,4,20,272.0
2020-04-21,ent,2020,4,21,370.0
2020-04-21,evo,2020,4,21,1169.0
2020-04-21,int,2020,4,21,1208.0
2020-04-21,pri,2020,4,21,1340.0
2020-04-21,sai,2020,4,21,165.0
2020-04-22,ent,2020,4,22,727.0
2020-04-22,evo,2020,4,22,2055.0
2020-04-22,int,2020,4,22,2132.0
2020-04-22,pri,2020,4,22,2367.0
2020-04-22,sai,2020,4,22,329.0
2020-04-23,ent,2020,4,23,548.0
2020-04-23,evo,2020,4,23,1854.0
2020-04-23,int,2020,4,23,1846.0
2020-04-23,pri,2020,4,23,2102.0
2020-04-23,sai,2020,4,23,280.0
2020-04-24,ent,2020,4,24,652.0
2020-04-24,evo,2020,4,24,2074.0
2020-04-24,int,2020,4,24,2116.0
2020-04-24,pri,2020,4,24,2417.0
2020-04-24,sai,2020,4,24,286.0
2020-04-25,ent,2020,4,25,337.0
2020-04-25,evo,2020,4,25,1379.0
2020-04-25,int,2020,4,25,1352.0
2020-04-25,pri,2020,4,25,1526.0
2020-04-25,sai,2020,4,25,204.0
2020-04-26,ent,2020,4,26,316.0
2020-04-26,evo,2020,4,26,1293.0
2020-04-26,int,2020,4,26,1270.0
2020-04-26,pri,2020,4,26,1448.0
2020-04-26,sai,2020,4,26,167.0
2020-04-27,ent,2020,4,27,886.0
2020-04-27,evo,2020,4,27,2708.0
2020-04-27,int,2020,4,27,2799.0
2020-04-27,pri,2020,4,27,3119.0
2020-04-27,sai,2020,4,27,406.0
2020-04-28,ent,2020,4,28,661.0
2020-04-28,evo,2020,4,28,2196.0
2020-04-28,int,2020,4,28,2190.0
2020-04-28,pri,2020,4,28,2509.0
2020-04-28,sai,2020,4,28,302.0
2020-04-29,ent,2020,4,29,703.0
2020-04-29,evo,2020,4,29,2320.0
2020-04-29,int,2020,4,29,2335.0
2020-04-29,pri,2020,4,29,2633.0
2020-04-29,sai,2020,4,29,345.0
2020-04-30,ent,2020,4,30,718.0
2020-04-30,evo,2020,4,30,2306.0
2020-04-30,int,2020,4,30,2350.0
2020-04-30,pri,2020,4,30,2612.0
2020-04-30,sai,2020,4,30,366.0
2020-05-01,ent,2020,5,1,0.0
2020-05-01,evo,2020,5,1,0.0
2020-05-01,int,2020,5,1,0.0
2020-05-01,pri,2020,5,1,0.0
2020-05-01,sai,2020,5,1,0.0
2020-05-02,ent,2020,5,2,0.0
2020-05-02,evo,2020,5,2,0.0
2020-05-02,int,2020,5,2,0.0
2020-05-02,pri,2020,5,2,0.0
2020-05-02,sai,2020,5,2,0.0
2020-05-03,ent,2020,5,3,0.0
2020-05-03,evo,2020,5,3,2.0
2020-05-03,int,2020,5,3,2.0
2020-05-03,pri,2020,5,3,2.0
2020-05-03,sai,2020,5,3,0.0
2020-05-04,ent,2020,5,4,156.0
2020-05-04,evo,2020,5,4,454.0
2020-05-04,int,2020,5,4,454.0
2020-05-04,pri,2020,5,4,492.0
2020-05-04,sai,2020,5,4,95.0
2020-05-05,ent,2020,5,5,808.0
2020-05-05,evo,2020,5,5,2682.0
2020-05-05,int,2020,5,5,2790.0
2020-05-05,pri,2020,5,5,3068.0
2020-05-05,sai,2020,5,5,411.0
2020-05-06,ent,2020,5,6,836.0
2020-05-06,evo,2020,5,6,2507.0
2020-05-06,int,2020,5,6,2533.0
2020-05-06,pri,2020,5,6,2851.0
2020-05-06,sai,2020,5,6,488.0
2020-05-07,ent,2020,5,7,532.0
2020-05-07,evo,2020,5,7,1701.0
2020-05-07,int,2020,5,7,1814.0
2020-05-07,pri,2020,5,7,1941.0
2020-05-07,sai,2020,5,7,308.0
2020-05-08,ent,2020,5,8,970.0
2020-05-08,evo,2020,5,8,2692.0
2020-05-08,int,2020,5,8,2816.0
2020-05-08,pri,2020,5,8,2962.0
2020-05-08,sai,2020,5,8,596.0
2020-05-09,ent,2020,5,9,367.0
2020-05-09,evo,2020,5,9,1160.0
2020-05-09,int,2020,5,9,1226.0
2020-05-09,pri,2020,5,9,1282.0
2020-05-09,sai,2020,5,9,219.0
2020-05-10,ent,2020,5,10,813.0
2020-05-10,evo,2020,5,10,2004.0
2020-05-10,int,2020,5,10,2177.0
2020-05-10,pri,2020,5,10,2268.0
2020-05-10,sai,2020,5,10,459.0
2020-05-11,ent,2020,5,11,667.0
2020-05-11,evo,2020,5,11,1510.0
2020-05-11,int,2020,5,11,1637.0
2020-05-11,pri,2020,5,11,1737.0
2020-05-11,sai,2020,5,11,382.0
2020-05-12,ent,2020,5,12,544.0
2020-05-12,evo,2020,5,12,1622.0
2020-05-12,int,2020,5,12,1754.0
2020-05-12,pri,2020,5,12,1875.0
2020-05-12,sai,2020,5,12,318.0
2020-05-13,ent,2020,5,13,867.0
2020-05-13,evo,2020,5,13,2793.0
2020-05-13,int,2020,5,13,2820.0
2020-05-13,pri,2020,5,13,3192.0
2020-05-13,sai,2020,5,13,442.0
2020-05-14,ent,2020,5,14,826.0
2020-05-14,evo,2020,5,14,2764.0
2020-05-14,int,2020,5,14,2808.0
2020-05-14,pri,2020,5,14,3149.0
2020-05-14,sai,2020,5,14,431.0
2020-05-15,ent,2020,5,15,810.0
2020-05-15,evo,2020,5,15,2793.0
2020-05-15,int,2020,5,15,2815.0
2020-05-15,pri,2020,5,15,3206.0
2020-05-15,sai,2020,5,15,421.0
2020-05-16,ent,2020,5,16,455.0
2020-05-16,evo,2020,5,16,1704.0
2020-05-16,int,2020,5,16,1733.0
2020-05-16,pri,2020,5,16,1964.0
2020-05-16,sai,2020,5,16,231.0
2020-05-17,ent,2020,5,17,468.0
2020-05-17,evo,2020,5,17,1667.0
2020-05-17,int,2020,5,17,1698.0
2020-05-17,pri,2020,5,17,1914.0
2020-05-17,sai,2020,5,17,247.0
2020-05-18,ent,2020,5,18,1075.0
2020-05-18,evo,2020,5,18,3366.0
2020-05-18,int,2020,5,18,3456.0
2020-05-18,pri,2020,5,18,3893.0
2020-05-18,sai,2020,5,18,554.0
2020-05-19,ent,2020,5,19,928.0
2020-05-19,evo,2020,5,19,2992.0
2020-05-19,int,2020,5,19,3078.0
2020-05-19,pri,2020,5,19,3480.0
2020-05-19,sai,2020,5,19,480.0
2020-05-20,ent,2020,5,20,887.0
2020-05-20,evo,2020,5,20,3040.0
2020-05-20,int,2020,5,20,3025.0
2020-05-20,pri,2020,5,20,3501.0
2020-05-20,sai,2020,5,20,453.0
2020-05-21,ent,2020,5,21,853.0
2020-05-21,evo,2020,5,21,2817.0
2020-05-21,int,2020,5,21,2836.0
2020-05-21,pri,2020,5,21,3264.0
2020-05-21,sai,2020,5,21,430.0
2020-05-22,ent,2020,5,22,910.0
2020-05-22,evo,2020,5,22,2881.0
2020-05-22,int,2020,5,22,2928.0
2020-05-22,pri,2020,5,22,3298.0
2020-05-22,sai,2020,5,22,485.0
2020-05-23,ent,2020,5,23,598.0
2020-05-23,evo,2020,5,23,1791.0
2020-05-23,int,2020,5,23,1889.0
2020-05-23,pri,2020,5,23,2077.0
2020-05-23,sai,2020,5,23,319.0
2020-05-24,ent,2020,5,24,483.0
2020-05-24,evo,2020,5,24,1613.0
2020-05-24,int,2020,5,24,1653.0
2020-05-24,pri,2020,5,24,1854.0
2020-05-24,sai,2020,5,24,271.0
2020-05-25,ent,2020,5,25,1059.0
2020-05-25,evo,2020,5,25,3313.0
2020-05-25,int,2020,5,25,3346.0
2020-05-25,pri,2020,5,25,3807.0
2020-05-25,sai,2020,5,25,567.0
2020-05-26,ent,2020,5,26,938.0
2020-05-26,evo,2020,5,26,3003.0
2020-05-26,int,2020,5,26,3051.0
2020-05-26,pri,2020,5,26,3428.0
2020-05-26,sai,2020,5,26,517.0
2020-05-27,ent,2020,5,27,896.0
2020-05-27,evo,2020,5,27,2888.0
2020-05-27,int,2020,5,27,2924.0
2020-05-27,pri,2020,5,27,3267.0
2020-05-27,sai,2020,5,27,478.0
2020-05-28,ent,2020,5,28,916.0
2020-05-28,evo,2020,5,28,2720.0
2020-05-28,int,2020,5,28,2713.0
2020-05-28,pri,2020,5,28,3117.0
2020-05-28,sai,2020,5,28,540.0
2020-05-29,ent,2020,5,29,866.0
2020-05-29,evo,2020,5,29,2639.0
2020-05-29,int,2020,5,29,2663.0
2020-05-29,pri,2020,5,29,3014.0
2020-05-29,sai,2020,5,29,480.0
2020-05-30,ent,2020,5,30,558.0
2020-05-30,evo,2020,5,30,1758.0
2020-05-30,int,2020,5,30,1763.0
2020-05-30,pri,2020,5,30,1977.0
2020-05-30,sai,2020,5,30,335.0
2020-05-31,ent,2020,5,31,510.0
2020-05-31,evo,2020,5,31,1511.0
2020-05-31,int,2020,5,31,1554.0
2020-05-31,pri,2020,5,31,1714.0
2020-05-31,sai,2020,5,31,290.0
2020-06-01,ent,2020,6,1,0.0
2020-06-01,evo,2020,6,1,0.0
2020-06-01,int,2020,6,1,0.0
2020-06-01,pri,2020,6,1,0.0
2020-06-01,sai,2020,6,1,0.0
2020-06-02,ent,2020,6,2,0.0
2020-06-02,evo,2020,6,2,0.0
2020-06-02,int,2020,6,2,0.0
2020-06-02,pri,2020,6,2,0.0
2020-06-02,sai,2020,6,2,0.0
2020-06-03,ent,2020,6,3,2.0
2020-06-03,evo,2020,6,3,1.0
2020-06-03,int,2020,6,3,2.0
2020-06-03,pri,2020,6,3,2.0
2020-06-03,sai,2020,6,3,1.0
2020-06-04,ent,2020,6,4,501.0
2020-06-04,evo,2020,6,4,1171.0
2020-06-04,int,2020,6,4,1184.0
2020-06-04,pri,2020,6,4,1290.0
2020-06-04,sai,2020,6,4,240.0
2020-06-05,ent,2020,6,5,786.0
2020-06-05,evo,2020,6,5,2733.0
2020-06-05,int,2020,6,5,2813.0
2020-06-05,pri,2020,6,5,3146.0
2020-06-05,sai,2020,6,5,384.0
2020-06-06,ent,2020,6,6,547.0
2020-06-06,evo,2020,6,6,1670.0
2020-06-06,int,2020,6,6,1711.0
2020-06-06,pri,2020,6,6,1883.0
2020-06-06,sai,2020,6,6,310.0
2020-06-07,ent,2020,6,7,1377.0
2020-06-07,evo,2020,6,7,3948.0
2020-06-07,int,2020,6,7,4015.0
2020-06-07,pri,2020,6,7,4485.0
2020-06-07,sai,2020,6,7,821.0
2020-06-08,ent,2020,6,8,956.0
2020-06-08,evo,2020,6,8,2603.0
2020-06-08,int,2020,6,8,2722.0
2020-06-08,pri,2020,6,8,2856.0
2020-06-08,sai,2020,6,8,608.0
2020-06-09,ent,2020,6,9,404.0
2020-06-09,evo,2020,6,9,1122.0
2020-06-09,int,2020,6,9,1191.0
2020-06-09,pri,2020,6,9,1251.0
2020-06-09,sai,2020,6,9,248.0
2020-06-10,ent,2020,6,10,703.0
2020-06-10,evo,2020,6,10,1748.0
2020-06-10,int,2020,6,10,1861.0
2020-06-10,pri,2020,6,10,1959.0
2020-06-10,sai,2020,6,10,415.0
2020-06-11,ent,2020,6,11,474.0
2020-06-11,evo,2020,6,11,1157.0
2020-06-11,int,2020,6,11,1308.0
2020-06-11,pri,2020,6,11,1368.0
2020-06-11,sai,2020,6,11,264.0
2020-06-12,ent,2020,6,12,536.0
2020-06-12,evo,2020,6,12,1495.0
2020-06-12,int,2020,6,12,1589.0
2020-06-12,pri,2020,6,12,1714.0
2020-06-12,sai,2020,6,12,306.0
2020-06-13,ent,2020,6,13,616.0
2020-06-13,evo,2020,6,13,2009.0
2020-06-13,int,2020,6,13,1968.0
2020-06-13,pri,2020,6,13,2243.0
2020-06-13,sai,2020,6,13,349.0
2020-06-14,ent,2020,6,14,549.0
2020-06-14,evo,2020,6,14,1734.0
2020-06-14,int,2020,6,14,1758.0
2020-06-14,pri,2020,6,14,1953.0
2020-06-14,sai,2020,6,14,277.0
2020-06-15,ent,2020,6,15,1236.0
2020-06-15,evo,2020,6,15,3658.0
2020-06-15,int,2020,6,15,3580.0
2020-06-15,pri,2020,6,15,4150.0
2020-06-15,sai,2020,6,15,658.0
2020-06-16,ent,2020,6,16,1070.0
2020-06-16,evo,2020,6,16,3412.0
2020-06-16,int,2020,6,16,3296.0
2020-06-16,pri,2020,6,16,3908.0
2020-06-16,sai,2020,6,16,595.0
2020-06-17,ent,2020,6,17,1004.0
2020-06-17,evo,2020,6,17,3147.0
2020-06-17,int,2020,6,17,3054.0
2020-06-17,pri,2020,6,17,3573.0
2020-06-17,sai,2020,6,17,597.0
2020-06-18,ent,2020,6,18,993.0
2020-06-18,evo,2020,6,18,3009.0
2020-06-18,int,2020,6,18,2971.0
2020-06-18,pri,2020,6,18,3409.0
2020-06-18,sai,2020,6,18,562.0
2020-06-19,ent,2020,6,19,1031.0
2020-06-19,evo,2020,6,19,3042.0
2020-06-19,int,2020,6,19,3012.0
2020-06-19,pri,2020,6,19,3503.0
2020-06-19,sai,2020,6,19,587.0
2020-06-20,ent,2020,6,20,604.0
2020-06-20,evo,2020,6,20,1862.0
2020-06-20,int,2020,6,20,1914.0
2020-06-20,pri,2020,6,20,2148.0
2020-06-20,sai,2020,6,20,364.0
2020-06-21,ent,2020,6,21,476.0
2020-06-21,evo,2020,6,21,1526.0
2020-06-21,int,2020,6,21,1557.0
2020-06-21,pri,2020,6,21,1758.0
2020-06-21,sai,2020,6,21,296.0
2020-06-22,ent,2020,6,22,1279.0
2020-06-22,evo,2020,6,22,3777.0
2020-06-22,int,2020,6,22,3779.0
2020-06-22,pri,2020,6,22,4299.0
2020-06-22,sai,2020,6,22,703.0
2020-06-23,ent,2020,6,23,1028.0
2020-06-23,evo,2020,6,23,3119.0
2020-06-23,int,2020,6,23,3161.0
2020-06-23,pri,2020,6,23,3590.0
2020-06-23,sai,2020,6,23,571.0
2020-06-24,ent,2020,6,24,934.0
2020-06-24,evo,2020,6,24,2896.0
2020-06-24,int,2020,6,24,2920.0
2020-06-24,pri,2020,6,24,3356.0
2020-06-24,sai,2020,6,24,566.0
2020-06-25,ent,2020,6,25,980.0
2020-06-25,evo,2020,6,25,2992.0
2020-06-25,int,2020,6,25,3019.0
2020-06-25,pri,2020,6,25,3457.0
2020-06-25,sai,2020,6,25,585.0
2020-06-26,ent,2020,6,26,1045.0
2020-06-26,evo,2020,6,26,3072.0
2020-06-26,int,2020,6,26,3131.0
2020-06-26,pri,2020,6,26,3542.0
2020-06-26,sai,2020,6,26,632.0
2020-06-27,ent,2020,6,27,566.0
2020-06-27,evo,2020,6,27,1654.0
2020-06-27,int,2020,6,27,1702.0
2020-06-27,pri,2020,6,27,1889.0
2020-06-27,sai,2020,6,27,339.0
2020-06-28,ent,2020,6,28,524.0
2020-06-28,evo,2020,6,28,1673.0
2020-06-28,int,2020,6,28,1695.0
2020-06-28,pri,2020,6,28,1933.0
2020-06-28,sai,2020,6,28,303.0
2020-06-29,ent,2020,6,29,1240.0
2020-06-29,evo,2020,6,29,3490.0
2020-06-29,int,2020,6,29,3585.0
2020-06-29,pri,2020,6,29,4037.0
2020-06-29,sai,2020,6,29,707.0
2020-06-30,ent,2020,6,30,1178.0
2020-06-30,evo,2020,6,30,3281.0
2020-06-30,int,2020,6,30,3338.0
2020-06-30,pri,2020,6,30,3737.0
2020-06-30,sai,2020,6,30,709.0
2020-07-01,ent,2020,7,1,0.0
2020-07-01,evo,2020,7,1,0.0
2020-07-01,int,2020,7,1,0.0
2020-07-01,pri,2020,7,1,0.0
2020-07-01,sai,2020,7,1,0.0
2020-07-02,ent,2020,7,2,0.0
2020-07-02,evo,2020,7,2,0.0
2020-07-02,int,2020,7,2,0.0
2020-07-02,pri,2020,7,2,0.0
2020-07-02,sai,2020,7,2,0.0
2020-07-03,ent,2020,7,3,1.0
2020-07-03,evo,2020,7,3,2.0
2020-07-03,int,2020,7,3,3.0
2020-07-03,pri,2020,7,3,3.0
2020-07-03,sai,2020,7,3,1.0
2020-07-04,ent,2020,7,4,330.0
2020-07-04,evo,2020,7,4,838.0
2020-07-04,int,2020,7,4,862.0
2020-07-04,pri,2020,7,4,935.0
2020-07-04,sai,2020,7,4,164.0
2020-07-05,ent,2020,7,5,698.0
2020-07-05,evo,2020,7,5,2458.0
2020-07-05,int,2020,7,5,2521.0
2020-07-05,pri,2020,7,5,2839.0
2020-07-05,sai,2020,7,5,375.0
2020-07-06,ent,2020,7,6,492.0
2020-07-06,evo,2020,7,6,1598.0
2020-07-06,int,2020,7,6,1649.0
2020-07-06,pri,2020,7,6,1803.0
2020-07-06,sai,2020,7,6,276.0
2020-07-07,ent,2020,7,7,1172.0
2020-07-07,evo,2020,7,7,3374.0
2020-07-07,int,2020,7,7,3453.0
2020-07-07,pri,2020,7,7,3822.0
2020-07-07,sai,2020,7,7,706.0
2020-07-08,ent,2020,7,8,927.0
2020-07-08,evo,2020,7,8,2496.0
2020-07-08,int,2020,7,8,2656.0
2020-07-08,pri,2020,7,8,2804.0
2020-07-08,sai,2020,7,8,581.0
2020-07-09,ent,2020,7,9,454.0
2020-07-09,evo,2020,7,9,1292.0
2020-07-09,int,2020,7,9,1369.0
2020-07-09,pri,2020,7,9,1446.0
2020-07-09,sai,2020,7,9,275.0
2020-07-10,ent,2020,7,10,556.0
2020-07-10,evo,2020,7,10,1528.0
2020-07-10,int,2020,7,10,1600.0
2020-07-10,pri,2020,7,10,1708.0
2020-07-10,sai,2020,7,10,330.0
2020-07-11,ent,2020,7,11,270.0
2020-07-11,evo,2020,7,11,730.0
2020-07-11,int,2020,7,11,779.0
2020-07-11,pri,2020,7,11,823.0
2020-07-11,sai,2020,7,11,140.0
2020-07-12,ent,2020,7,12,1343.0
2020-07-12,evo,2020,7,12,3419.0
2020-07-12,int,2020,7,12,3739.0
2020-07-12,pri,2020,7,12,3928.0
2020-07-12,sai,2020,7,12,764.0
2020-07-13,ent,2020,7,13,1363.0
2020-07-13,evo,2020,7,13,3799.0
2020-07-13,int,2020,7,13,3997.0
2020-07-13,pri,2020,7,13,4246.0
2020-07-13,sai,2020,7,13,820.0
2020-07-14,ent,2020,7,14,1124.0
2020-07-14,evo,2020,7,14,3320.0
2020-07-14,int,2020,7,14,3477.0
2020-07-14,pri,2020,7,14,3747.0
2020-07-14,sai,2020,7,14,688.0
2020-07-15,ent,2020,7,15,1108.0
2020-07-15,evo,2020,7,15,3243.0
2020-07-15,int,2020,7,15,3417.0
2020-07-15,pri,2020,7,15,3682.0
2020-07-15,sai,2020,7,15,688.0
2020-07-16,ent,2020,7,16,1010.0
2020-07-16,evo,2020,7,16,2956.0
2020-07-16,int,2020,7,16,3080.0
2020-07-16,pri,2020,7,16,3356.0
2020-07-16,sai,2020,7,16,608.0
2020-07-17,ent,2020,7,17,1030.0
2020-07-17,evo,2020,7,17,3058.0
2020-07-17,int,2020,7,17,3153.0
2020-07-17,pri,2020,7,17,3465.0
2020-07-17,sai,2020,7,17,620.0
2020-07-18,ent,2020,7,18,572.0
2020-07-18,evo,2020,7,18,1780.0
2020-07-18,int,2020,7,18,1861.0
2020-07-18,pri,2020,7,18,2018.0
2020-07-18,sai,2020,7,18,339.0
2020-07-19,ent,2020,7,19,559.0
2020-07-19,evo,2020,7,19,1701.0
2020-07-19,int,2020,7,19,1767.0
2020-07-19,pri,2020,7,19,1880.0
2020-07-19,sai,2020,7,19,334.0
2020-07-20,ent,2020,7,20,1404.0
2020-07-20,evo,2020,7,20,4065.0
2020-07-20,int,2020,7,20,4060.0
2020-07-20,pri,2020,7,20,4476.0
2020-07-20,sai,2020,7,20,840.0
2020-07-21,ent,2020,7,21,1078.0
2020-07-21,evo,2020,7,21,3239.0
2020-07-21,int,2020,7,21,3333.0
2020-07-21,pri,2020,7,21,3607.0
2020-07-21,sai,2020,7,21,683.0
2020-07-22,ent,2020,7,22,1085.0
2020-07-22,evo,2020,7,22,3122.0
2020-07-22,int,2020,7,22,3221.0
2020-07-22,pri,2020,7,22,3505.0
2020-07-22,sai,2020,7,22,656.0
2020-07-23,ent,2020,7,23,1027.0
2020-07-23,evo,2020,7,23,3204.0
2020-07-23,int,2020,7,23,3314.0
2020-07-23,pri,2020,7,23,3638.0
2020-07-23,sai,2020,7,23,604.0
2020-07-24,ent,2020,7,24,1034.0
2020-07-24,evo,2020,7,24,3009.0
2020-07-24,int,2020,7,24,3134.0
2020-07-24,pri,2020,7,24,3395.0
2020-07-24,sai,2020,7,24,661.0
2020-07-25,ent,2020,7,25,640.0
2020-07-25,evo,2020,7,25,1867.0
2020-07-25,int,2020,7,25,1971.0
2020-07-25,pri,2020,7,25,2105.0
2020-07-25,sai,2020,7,25,392.0
2020-07-26,ent,2020,7,26,443.0
2020-07-26,evo,2020,7,26,1536.0
2020-07-26,int,2020,7,26,1640.0
2020-07-26,pri,2020,7,26,1760.0
2020-07-26,sai,2020,7,26,260.0
2020-07-27,ent,2020,7,27,1297.0
2020-07-27,evo,2020,7,27,3580.0
2020-07-27,int,2020,7,27,3791.0
2020-07-27,pri,2020,7,27,3998.0
2020-07-27,sai,2020,7,27,793.0
2020-07-28,ent,2020,7,28,1106.0
2020-07-28,evo,2020,7,28,3310.0
2020-07-28,int,2020,7,28,3472.0
2020-07-28,pri,2020,7,28,3657.0
2020-07-28,sai,2020,7,28,679.0
2020-07-29,ent,2020,7,29,1044.0
2020-07-29,evo,2020,7,29,2919.0
2020-07-29,int,2020,7,29,3050.0
2020-07-29,pri,2020,7,29,3196.0
2020-07-29,sai,2020,7,29,620.0
2020-07-30,ent,2020,7,30,1038.0
2020-07-30,evo,2020,7,30,3020.0
2020-07-30,int,2020,7,30,3129.0
2020-07-30,pri,2020,7,30,3353.0
2020-07-30,sai,2020,7,30,652.0
2020-07-31,ent,2020,7,31,976.0
2020-07-31,evo,2020,7,31,2705.0
2020-07-31,int,2020,7,31,2790.0
2020-07-31,pri,2020,7,31,2982.0
2020-07-31,sai,2020,7,31,611.0
2020-08-01,ent,2020,8,1,0.0
2020-08-01,evo,2020,8,1,0.0
2020-08-01,int,2020,8,1,0.0
2020-08-01,pri,2020,8,1,0.0
2020-08-01,sai,2020,8,1,0.0
2020-08-02,ent,2020,8,2,0.0
2020-08-02,evo,2020,8,2,0.0
2020-08-02,int,2020,8,2,0.0
2020-08-02,pri,2020,8,2,0.0
2020-08-02,sai,2020,8,2,0.0
2020-08-03,ent,2020,8,3,0.0
2020-08-03,evo,2020,8,3,1.0
2020-08-03,int,2020,8,3,1.0
2020-08-03,pri,2020,8,3,1.0
2020-08-03,sai,2020,8,3,0.0
2020-08-04,ent,2020,8,4,321.0
2020-08-04,evo,2020,8,4,918.0
2020-08-04,int,2020,8,4,957.0
2020-08-04,pri,2020,8,4,1048.0
2020-08-04,sai,2020,8,4,158.0
2020-08-05,ent,2020,8,5,721.0
2020-08-05,evo,2020,8,5,2494.0
2020-08-05,int,2020,8,5,2479.0
2020-08-05,pri,2020,8,5,2825.0
2020-08-05,sai,2020,8,5,381.0
2020-08-06,ent,2020,8,6,1109.0
2020-08-06,evo,2020,8,6,3089.0
2020-08-06,int,2020,8,6,3180.0
2020-08-06,pri,2020,8,6,3552.0
2020-08-06,sai,2020,8,6,598.0
2020-08-07,ent,2020,8,7,1093.0
2020-08-07,evo,2020,8,7,3260.0
2020-08-07,int,2020,8,7,3384.0
2020-08-07,pri,2020,8,7,3748.0
2020-08-07,sai,2020,8,7,649.0
2020-08-08,ent,2020,8,8,503.0
2020-08-08,evo,2020,8,8,1515.0
2020-08-08,int,2020,8,8,1594.0
2020-08-08,pri,2020,8,8,1675.0
2020-08-08,sai,2020,8,8,289.0
2020-08-09,ent,2020,8,9,1058.0
2020-08-09,evo,2020,8,9,2715.0
2020-08-09,int,2020,8,9,2881.0
2020-08-09,pri,2020,8,9,3039.0
2020-08-09,sai,2020,8,9,578.0
2020-08-10,ent,2020,8,10,584.0
2020-08-10,evo,2020,8,10,1500.0
2020-08-10,int,2020,8,10,1597.0
2020-08-10,pri,2020,8,10,1682.0
2020-08-10,sai,2020,8,10,339.0
2020-08-11,ent,2020,8,11,282.0
2020-08-11,evo,2020,8,11,705.0
2020-08-11,int,2020,8,11,766.0
2020-08-11,pri,2020,8,11,811.0
2020-08-11,sai,2020,8,11,169.0
2020-08-12,ent,2020,8,12,1059.0
2020-08-12,evo,2020,8,12,2932.0
2020-08-12,int,2020,8,12,3180.0
2020-08-12,pri,2020,8,12,3355.0
2020-08-12,sai,2020,8,12,590.0
2020-08-13,ent,2020,8,13,909.0
2020-08-13,evo,2020,8,13,2508.0
2020-08-13,int,2020,8,13,2668.0
2020-08-13,pri,2020,8,13,2806.0
2020-08-13,sai,2020,8,13,551.0
2020-08-14,ent,2020,8,14,752.0
2020-08-14,evo,2020,8,14,2196.0
2020-08-14,int,2020,8,14,2335.0
2020-08-14,pri,2020,8,14,2466.0
2020-08-14,sai,2020,8,14,463.0
2020-08-15,ent,2020,8,15,547.0
2020-08-15,evo,2020,8,15,1527.0
2020-08-15,int,2020,8,15,1618.0
2020-08-15,pri,2020,8,15,1689.0
2020-08-15,sai,2020,8,15,307.0
2020-08-16,ent,2020,8,16,452.0
2020-08-16,evo,2020,8,16,1295.0
2020-08-16,int,2020,8,16,1366.0
2020-08-16,pri,2020,8,16,1449.0
2020-08-16,sai,2020,8,16,269.0
2020-08-17,ent,2020,8,17,1144.0
2020-08-17,evo,2020,8,17,3013.0
2020-08-17,int,2020,8,17,3160.0
2020-08-17,pri,2020,8,17,3348.0
2020-08-17,sai,2020,8,17,657.0
2020-08-18,ent,2020,8,18,1029.0
2020-08-18,evo,2020,8,18,2708.0
2020-08-18,int,2020,8,18,2830.0
2020-08-18,pri,2020,8,18,3006.0
2020-08-18,sai,2020,8,18,625.0
2020-08-19,ent,2020,8,19,965.0
2020-08-19,evo,2020,8,19,2562.0
2020-08-19,int,2020,8,19,2684.0
2020-08-19,pri,2020,8,19,2844.0
2020-08-19,sai,2020,8,19,615.0
2020-08-20,ent,2020,8,20,940.0
2020-08-20,evo,2020,8,20,2491.0
2020-08-20,int,2020,8,20,2641.0
2020-08-20,pri,2020,8,20,2761.0
2020-08-20,sai,2020,8,20,573.0
2020-08-21,ent,2020,8,21,846.0
2020-08-21,evo,2020,8,21,2023.0
2020-08-21,int,2020,8,21,2151.0
2020-08-21,pri,2020,8,21,2260.0
2020-08-21,sai,2020,8,21,527.0
2020-08-22,ent,2020,8,22,527.0
2020-08-22,evo,2020,8,22,1427.0
2020-08-22,int,2020,8,22,1512.0
2020-08-22,pri,2020,8,22,1576.0
2020-08-22,sai,2020,8,22,328.0
2020-08-23,ent,2020,8,23,409.0
2020-08-23,evo,2020,8,23,1203.0
2020-08-23,int,2020,8,23,1276.0
2020-08-23,pri,2020,8,23,1347.0
2020-08-23,sai,2020,8,23,241.0
2020-08-24,ent,2020,8,24,1131.0
2020-08-24,evo,2020,8,24,2960.0
2020-08-24,int,2020,8,24,3105.0
2020-08-24,pri,2020,8,24,3264.0
2020-08-24,sai,2020,8,24,669.0
2020-08-25,ent,2020,8,25,935.0
2020-08-25,evo,2020,8,25,2557.0
2020-08-25,int,2020,8,25,2689.0
2020-08-25,pri,2020,8,25,2825.0
2020-08-25,sai,2020,8,25,578.0
2020-08-26,ent,2020,8,26,840.0
2020-08-26,evo,2020,8,26,2367.0
2020-08-26,int,2020,8,26,2496.0
2020-08-26,pri,2020,8,26,2647.0
2020-08-26,sai,2020,8,26,500.0
2020-08-27,ent,2020,8,27,830.0
2020-08-27,evo,2020,8,27,2266.0
2020-08-27,int,2020,8,27,2403.0
2020-08-27,pri,2020,8,27,2538.0
2020-08-27,sai,2020,8,27,486.0
2020-08-28,ent,2020,8,28,881.0
2020-08-28,evo,2020,8,28,2245.0
2020-08-28,int,2020,8,28,2383.0
2020-08-28,pri,2020,8,28,2502.0
2020-08-28,sai,2020,8,28,498.0
2020-08-29,ent,2020,8,29,438.0
2020-08-29,evo,2020,8,29,1258.0
2020-08-29,int,2020,8,29,1349.0
2020-08-29,pri,2020,8,29,1423.0
2020-08-29,sai,2020,8,29,260.0
2020-08-30,ent,2020,8,30,407.0
2020-08-30,evo,2020,8,30,1212.0
2020-08-30,int,2020,8,30,1295.0
2020-08-30,pri,2020,8,30,1353.0
2020-08-30,sai,2020,8,30,239.0
2020-08-31,ent,2020,8,31,1094.0
2020-08-31,evo,2020,8,31,2869.0
2020-08-31,int,2020,8,31,3080.0
2020-08-31,pri,2020,8,31,3212.0
2020-08-31,sai,2020,8,31,656.0
2020-09-01,ent,2020,9,1,0.0
2020-09-01,evo,2020,9,1,0.0
2020-09-01,int,2020,9,1,0.0
2020-09-01,pri,2020,9,1,0.0
2020-09-01,sai,2020,9,1,0.0
2020-09-02,ent,2020,9,2,0.0
2020-09-02,evo,2020,9,2,0.0
2020-09-02,int,2020,9,2,0.0
2020-09-02,pri,2020,9,2,0.0
2020-09-02,sai,2020,9,2,0.0
2020-09-03,ent,2020,9,3,2.0
2020-09-03,evo,2020,9,3,2.0
2020-09-03,int,2020,9,3,4.0
2020-09-03,pri,2020,9,3,4.0
2020-09-03,sai,2020,9,3,1.0
2020-09-04,ent,2020,9,4,332.0
2020-09-04,evo,2020,9,4,886.0
2020-09-04,int,2020,9,4,892.0
2020-09-04,pri,2020,9,4,971.0
2020-09-04,sai,2020,9,4,171.0
2020-09-05,ent,2020,9,5,459.0
2020-09-05,evo,2020,9,5,1622.0
2020-09-05,int,2020,9,5,1627.0
2020-09-05,pri,2020,9,5,1856.0
2020-09-05,sai,2020,9,5,269.0
2020-09-06,ent,2020,9,6,924.0
2020-09-06,evo,2020,9,6,2868.0
2020-09-06,int,2020,9,6,2947.0
2020-09-06,pri,2020,9,6,3280.0
2020-09-06,sai,2020,9,6,466.0
2020-09-07,ent,2020,9,7,1024.0
2020-09-07,evo,2020,9,7,3095.0
2020-09-07,int,2020,9,7,3210.0
2020-09-07,pri,2020,9,7,3576.0
2020-09-07,sai,2020,9,7,632.0
2020-09-08,ent,2020,9,8,471.0
2020-09-08,evo,2020,9,8,1307.0
2020-09-08,int,2020,9,8,1404.0
2020-09-08,pri,2020,9,8,1483.0
2020-09-08,sai,2020,9,8,270.0
2020-09-09,ent,2020,9,9,913.0
2020-09-09,evo,2020,9,9,2441.0
2020-09-09,int,2020,9,9,2602.0
2020-09-09,pri,2020,9,9,2711.0
2020-09-09,sai,2020,9,9,570.0
2020-09-10,ent,2020,9,10,491.0
2020-09-10,evo,2020,9,10,1326.0
2020-09-10,int,2020,9,10,1437.0
2020-09-10,pri,2020,9,10,1514.0
2020-09-10,sai,2020,9,10,279.0
2020-09-11,ent,2020,9,11,599.0
2020-09-11,evo,2020,9,11,1476.0
2020-09-11,int,2020,9,11,1642.0
2020-09-11,pri,2020,9,11,1725.0
2020-09-11,sai,2020,9,11,319.0
2020-09-12,ent,2020,9,12,1078.0
2020-09-12,evo,2020,9,12,2974.0
2020-09-12,int,2020,9,12,3216.0
2020-09-12,pri,2020,9,12,3392.0
2020-09-12,sai,2020,9,12,623.0
2020-09-13,ent,2020,9,13,365.0
2020-09-13,evo,2020,9,13,1044.0
2020-09-13,int,2020,9,13,1118.0
2020-09-13,pri,2020,9,13,1168.0
2020-09-13,sai,2020,9,13,224.0
2020-09-14,ent,2020,9,14,898.0
2020-09-14,evo,2020,9,14,2425.0
2020-09-14,int,2020,9,14,2598.0
2020-09-14,pri,2020,9,14,2722.0
2020-09-14,sai,2020,9,14,547.0
2020-09-15,ent,2020,9,15,808.0
2020-09-15,evo,2020,9,15,2083.0
2020-09-15,int,2020,9,15,2201.0
2020-09-15,pri,2020,9,15,2308.0
2020-09-15,sai,2020,9,15,515.0
2020-09-16,ent,2020,9,16,694.0
2020-09-16,evo,2020,9,16,2014.0
2020-09-16,int,2020,9,16,2116.0
2020-09-16,pri,2020,9,16,2241.0
2020-09-16,sai,2020,9,16,425.0
2020-09-17,ent,2020,9,17,725.0
2020-09-17,evo,2020,9,17,1953.0
2020-09-17,int,2020,9,17,2025.0
2020-09-17,pri,2020,9,17,2158.0
2020-09-17,sai,2020,9,17,446.0
2020-09-18,ent,2020,9,18,675.0
2020-09-18,evo,2020,9,18,1882.0
2020-09-18,int,2020,9,18,1972.0
2020-09-18,pri,2020,9,18,2095.0
2020-09-18,sai,2020,9,18,389.0
2020-09-19,ent,2020,9,19,372.0
2020-09-19,evo,2020,9,19,1070.0
2020-09-19,int,2020,9,19,1156.0
2020-09-19,pri,2020,9,19,1203.0
2020-09-19,sai,2020,9,19,228.0
2020-09-20,ent,2020,9,20,354.0
2020-09-20,evo,2020,9,20,1074.0
2020-09-20,int,2020,9,20,1119.0
2020-09-20,pri,2020,9,20,1197.0
2020-09-20,sai,2020,9,20,208.0
2020-09-21,ent,2020,9,21,949.0
2020-09-21,evo,2020,9,21,2254.0
2020-09-21,int,2020,9,21,2422.0
2020-09-21,pri,2020,9,21,2534.0
2020-09-21,sai,2020,9,21,538.0
2020-09-22,ent,2020,9,22,616.0
2020-09-22,evo,2020,9,22,1681.0
2020-09-22,int,2020,9,22,1806.0
2020-09-22,pri,2020,9,22,1903.0
2020-09-22,sai,2020,9,22,378.0
2020-09-23,ent,2020,9,23,622.0
2020-09-23,evo,2020,9,23,1734.0
2020-09-23,int,2020,9,23,1825.0
2020-09-23,pri,2020,9,23,1940.0
2020-09-23,sai,2020,9,23,372.0
2020-09-24,ent,2020,9,24,632.0
2020-09-24,evo,2020,9,24,1715.0
2020-09-24,int,2020,9,24,1809.0
2020-09-24,pri,2020,9,24,1901.0
2020-09-24,sai,2020,9,24,362.0
2020-09-25,ent,2020,9,25,687.0
2020-09-25,evo,2020,9,25,1837.0
2020-09-25,int,2020,9,25,1919.0
2020-09-25,pri,2020,9,25,2030.0
2020-09-25,sai,2020,9,25,406.0
2020-09-26,ent,2020,9,26,361.0
2020-09-26,evo,2020,9,26,939.0
2020-09-26,int,2020,9,26,1017.0
2020-09-26,pri,2020,9,26,1051.0
2020-09-26,sai,2020,9,26,214.0
2020-09-27,ent,2020,9,27,355.0
2020-09-27,evo,2020,9,27,934.0
2020-09-27,int,2020,9,27,1003.0
2020-09-27,pri,2020,9,27,1060.0
2020-09-27,sai,2020,9,27,208.0
2020-09-28,ent,2020,9,28,877.0
2020-09-28,evo,2020,9,28,2194.0
2020-09-28,int,2020,9,28,2346.0
2020-09-28,pri,2020,9,28,2445.0
2020-09-28,sai,2020,9,28,482.0
2020-09-29,ent,2020,9,29,664.0
2020-09-29,evo,2020,9,29,1788.0
2020-09-29,int,2020,9,29,1939.0
2020-09-29,pri,2020,9,29,2024.0
2020-09-29,sai,2020,9,29,385.0
2020-09-30,ent,2020,9,30,596.0
2020-09-30,evo,2020,9,30,1656.0
2020-09-30,int,2020,9,30,1789.0
2020-09-30,pri,2020,9,30,1886.0
2020-09-30,sai,2020,9,30,341.0
2020-10-01,ent,2020,10,1,0.0
2020-10-01,evo,2020,10,1,0.0
2020-10-01,int,2020,10,1,0.0
2020-10-01,pri,2020,10,1,0.0
2020-10-01,sai,2020,10,1,0.0
2020-10-02,ent,2020,10,2,0.0
2020-10-02,evo,2020,10,2,0.0
2020-10-02,int,2020,10,2,0.0
2020-10-02,pri,2020,10,2,0.0
2020-10-02,sai,2020,10,2,0.0
2020-10-03,ent,2020,10,3,5.0
2020-10-03,evo,2020,10,3,7.0
2020-10-03,int,2020,10,3,8.0
2020-10-03,pri,2020,10,3,8.0
2020-10-03,sai,2020,10,3,4.0
2020-10-04,ent,2020,10,4,229.0
2020-10-04,evo,2020,10,4,680.0
2020-10-04,int,2020,10,4,688.0
2020-10-04,pri,2020,10,4,769.0
2020-10-04,sai,2020,10,4,145.0
2020-10-05,ent,2020,10,5,383.0
2020-10-05,evo,2020,10,5,1540.0
2020-10-05,int,2020,10,5,1541.0
2020-10-05,pri,2020,10,5,1742.0
2020-10-05,sai,2020,10,5,230.0
2020-10-06,ent,2020,10,6,1092.0
2020-10-06,evo,2020,10,6,2995.0
2020-10-06,int,2020,10,6,3037.0
2020-10-06,pri,2020,10,6,3426.0
2020-10-06,sai,2020,10,6,635.0
2020-10-07,ent,2020,10,7,1111.0
2020-10-07,evo,2020,10,7,3255.0
2020-10-07,int,2020,10,7,3344.0
2020-10-07,pri,2020,10,7,3675.0
2020-10-07,sai,2020,10,7,669.0
2020-10-08,ent,2020,10,8,1254.0
2020-10-08,evo,2020,10,8,3336.0
2020-10-08,int,2020,10,8,3533.0
2020-10-08,pri,2020,10,8,3724.0
2020-10-08,sai,2020,10,8,723.0
2020-10-09,ent,2020,10,9,789.0
2020-10-09,evo,2020,10,9,2164.0
2020-10-09,int,2020,10,9,2308.0
2020-10-09,pri,2020,10,9,2408.0
2020-10-09,sai,2020,10,9,497.0
2020-10-10,ent,2020,10,10,315.0
2020-10-10,evo,2020,10,10,813.0
2020-10-10,int,2020,10,10,872.0
2020-10-10,pri,2020,10,10,927.0
2020-10-10,sai,2020,10,10,173.0
2020-10-11,ent,2020,10,11,528.0
2020-10-11,evo,2020,10,11,1294.0
2020-10-11,int,2020,10,11,1419.0
2020-10-11,pri,2020,10,11,1488.0
2020-10-11,sai,2020,10,11,297.0
2020-10-12,ent,2020,10,12,1002.0
2020-10-12,evo,2020,10,12,2792.0
2020-10-12,int,2020,10,12,3026.0
2020-10-12,pri,2020,10,12,3208.0
2020-10-12,sai,2020,10,12,573.0
2020-10-13,ent,2020,10,13,782.0
2020-10-13,evo,2020,10,13,2022.0
2020-10-13,int,2020,10,13,2142.0
2020-10-13,pri,2020,10,13,2267.0
2020-10-13,sai,2020,10,13,441.0
2020-10-14,ent,2020,10,14,620.0
2020-10-14,evo,2020,10,14,1581.0
2020-10-14,int,2020,10,14,1687.0
2020-10-14,pri,2020,10,14,1783.0
2020-10-14,sai,2020,10,14,347.0
2020-10-15,ent,2020,10,15,537.0
2020-10-15,evo,2020,10,15,1402.0
2020-10-15,int,2020,10,15,1523.0
2020-10-15,pri,2020,10,15,1614.0
2020-10-15,sai,2020,10,15,341.0
2020-10-16,ent,2020,10,16,522.0
2020-10-16,evo,2020,10,16,1333.0
2020-10-16,int,2020,10,16,1436.0
2020-10-16,pri,2020,10,16,1509.0
2020-10-16,sai,2020,10,16,316.0
2020-10-17,ent,2020,10,17,280.0
2020-10-17,evo,2020,10,17,768.0
2020-10-17,int,2020,10,17,833.0
2020-10-17,pri,2020,10,17,877.0
2020-10-17,sai,2020,10,17,152.0
2020-10-18,ent,2020,10,18,243.0
2020-10-18,evo,2020,10,18,724.0
2020-10-18,int,2020,10,18,778.0
2020-10-18,pri,2020,10,18,822.0
2020-10-18,sai,2020,10,18,131.0
2020-10-19,ent,2020,10,19,751.0
2020-10-19,evo,2020,10,19,1875.0
2020-10-19,int,2020,10,19,2052.0
2020-10-19,pri,2020,10,19,2147.0
2020-10-19,sai,2020,10,19,431.0
2020-10-20,ent,2020,10,20,530.0
2020-10-20,evo,2020,10,20,1469.0
2020-10-20,int,2020,10,20,1580.0
2020-10-20,pri,2020,10,20,1680.0
2020-10-20,sai,2020,10,20,313.0
2020-10-21,ent,2020,10,21,561.0
2020-10-21,evo,2020,10,21,1340.0
2020-10-21,int,2020,10,21,1464.0
2020-10-21,pri,2020,10,21,1541.0
2020-10-21,sai,2020,10,21,344.0
2020-10-22,ent,2020,10,22,508.0
2020-10-22,evo,2020,10,22,1354.0
2020-10-22,int,2020,10,22,1453.0
2020-10-22,pri,2020,10,22,1529.0
2020-10-22,sai,2020,10,22,308.0
2020-10-23,ent,2020,10,23,499.0
2020-10-23,evo,2020,10,23,1320.0
2020-10-23,int,2020,10,23,1439.0
2020-10-23,pri,2020,10,23,1511.0
2020-10-23,sai,2020,10,23,305.0
2020-10-24,ent,2020,10,24,268.0
2020-10-24,evo,2020,10,24,746.0
2020-10-24,int,2020,10,24,815.0
2020-10-24,pri,2020,10,24,860.0
2020-10-24,sai,2020,10,24,163.0
2020-10-25,ent,2020,10,25,273.0
2020-10-25,evo,2020,10,25,751.0
2020-10-25,int,2020,10,25,837.0
2020-10-25,pri,2020,10,25,883.0
2020-10-25,sai,2020,10,25,163.0
2020-10-26,ent,2020,10,26,772.0
2020-10-26,evo,2020,10,26,1846.0
2020-10-26,int,2020,10,26,1996.0
2020-10-26,pri,2020,10,26,2098.0
2020-10-26,sai,2020,10,26,455.0
2020-10-27,ent,2020,10,27,522.0
2020-10-27,evo,2020,10,27,1416.0
2020-10-27,int,2020,10,27,1534.0
2020-10-27,pri,2020,10,27,1617.0
2020-10-27,sai,2020,10,27,303.0
2020-10-28,ent,2020,10,28,526.0
2020-10-28,evo,2020,10,28,1387.0
2020-10-28,int,2020,10,28,1478.0
2020-10-28,pri,2020,10,28,1578.0
2020-10-28,sai,2020,10,28,302.0
2020-10-29,ent,2020,10,29,540.0
2020-10-29,evo,2020,10,29,1430.0
2020-10-29,int,2020,10,29,1584.0
2020-10-29,pri,2020,10,29,1643.0
2020-10-29,sai,2020,10,29,316.0
2020-10-30,ent,2020,10,30,446.0
2020-10-30,evo,2020,10,30,1158.0
2020-10-30,int,2020,10,30,1306.0
2020-10-30,pri,2020,10,30,1369.0
2020-10-30,sai,2020,10,30,278.0
2020-10-31,ent,2020,10,31,285.0
2020-10-31,evo,2020,10,31,690.0
2020-10-31,int,2020,10,31,755.0
2020-10-31,pri,2020,10,31,791.0
2020-10-31,sai,2020,10,31,162.0
2020-11-01,ent,2020,11,1,0.0
2020-11-01,evo,2020,11,1,0.0
2020-11-01,int,2020,11,1,0.0
2020-11-01,pri,2020,11,1,0.0
2020-11-01,sai,2020,11,1,0.0
2020-11-02,ent,2020,11,2,0.0
2020-11-02,evo,2020,11,2,0.0
2020-11-02,int,2020,11,2,0.0
2020-11-02,pri,2020,11,2,0.0
2020-11-02,sai,2020,11,2,0.0
2020-11-03,ent,2020,11,3,1.0
2020-11-03,evo,2020,11,3,6.0
2020-11-03,int,2020,11,3,5.0
2020-11-03,pri,2020,11,3,6.0
2020-11-03,sai,2020,11,3,1.0
2020-11-04,ent,2020,11,4,204.0
2020-11-04,evo,2020,11,4,650.0
2020-11-04,int,2020,11,4,681.0
2020-11-04,pri,2020,11,4,736.0
2020-11-04,sai,2020,11,4,99.0
2020-11-05,ent,2020,11,5,976.0
2020-11-05,evo,2020,11,5,3253.0
2020-11-05,int,2020,11,5,3266.0
2020-11-05,pri,2020,11,5,3687.0
2020-11-05,sai,2020,11,5,519.0
2020-11-06,ent,2020,11,6,758.0
2020-11-06,evo,2020,11,6,2461.0
2020-11-06,int,2020,11,6,2440.0
2020-11-06,pri,2020,11,6,2764.0
2020-11-06,sai,2020,11,6,440.0
2020-11-07,ent,2020,11,7,622.0
2020-11-07,evo,2020,11,7,1903.0
2020-11-07,int,2020,11,7,2028.0
2020-11-07,pri,2020,11,7,2157.0
2020-11-07,sai,2020,11,7,380.0
2020-11-08,ent,2020,11,8,1017.0
2020-11-08,evo,2020,11,8,2754.0
2020-11-08,int,2020,11,8,2919.0
2020-11-08,pri,2020,11,8,3065.0
2020-11-08,sai,2020,11,8,593.0
2020-11-09,ent,2020,11,9,763.0
2020-11-09,evo,2020,11,9,2059.0
2020-11-09,int,2020,11,9,2170.0
2020-11-09,pri,2020,11,9,2287.0
2020-11-09,sai,2020,11,9,441.0
2020-11-10,ent,2020,11,10,273.0
2020-11-10,evo,2020,11,10,779.0
2020-11-10,int,2020,11,10,846.0
2020-11-10,pri,2020,11,10,891.0
2020-11-10,sai,2020,11,10,152.0
2020-11-11,ent,2020,11,11,949.0
2020-11-11,evo,2020,11,11,2335.0
2020-11-11,int,2020,11,11,2494.0
2020-11-11,pri,2020,11,11,2603.0
2020-11-11,sai,2020,11,11,574.0
2020-11-12,ent,2020,11,12,949.0
2020-11-12,evo,2020,11,12,2742.0
2020-11-12,int,2020,11,12,2951.0
2020-11-12,pri,2020,11,12,3154.0
2020-11-12,sai,2020,11,12,583.0
2020-11-13,ent,2020,11,13,717.0
2020-11-13,evo,2020,11,13,1729.0
2020-11-13,int,2020,11,13,1909.0
2020-11-13,pri,2020,11,13,1996.0
2020-11-13,sai,2020,11,13,423.0
2020-11-14,ent,2020,11,14,367.0
2020-11-14,evo,2020,11,14,1017.0
2020-11-14,int,2020,11,14,1118.0
2020-11-14,pri,2020,11,14,1181.0
2020-11-14,sai,2020,11,14,208.0
2020-11-15,ent,2020,11,15,307.0
2020-11-15,evo,2020,11,15,971.0
2020-11-15,int,2020,11,15,1060.0
2020-11-15,pri,2020,11,15,1099.0
2020-11-15,sai,2020,11,15,192.0
2020-11-16,ent,2020,11,16,996.0
2020-11-16,evo,2020,11,16,2577.0
2020-11-16,int,2020,11,16,2802.0
2020-11-16,pri,2020,11,16,2944.0
2020-11-16,sai,2020,11,16,569.0
2020-11-17,ent,2020,11,17,816.0
2020-11-17,evo,2020,11,17,2255.0
2020-11-17,int,2020,11,17,2481.0
2020-11-17,pri,2020,11,17,2627.0
2020-11-17,sai,2020,11,17,470.0
2020-11-18,ent,2020,11,18,796.0
2020-11-18,evo,2020,11,18,2115.0
2020-11-18,int,2020,11,18,2299.0
2020-11-18,pri,2020,11,18,2442.0
2020-11-18,sai,2020,11,18,455.0
2020-11-19,ent,2020,11,19,792.0
2020-11-19,evo,2020,11,19,2035.0
2020-11-19,int,2020,11,19,2239.0
2020-11-19,pri,2020,11,19,2375.0
2020-11-19,sai,2020,11,19,456.0
2020-11-20,ent,2020,11,20,642.0
2020-11-20,evo,2020,11,20,1858.0
2020-11-20,int,2020,11,20,2017.0
2020-11-20,pri,2020,11,20,2122.0
2020-11-20,sai,2020,11,20,399.0
2020-11-21,ent,2020,11,21,457.0
2020-11-21,evo,2020,11,21,1261.0
2020-11-21,int,2020,11,21,1371.0
2020-11-21,pri,2020,11,21,1449.0
2020-11-21,sai,2020,11,21,270.0
2020-11-22,ent,2020,11,22,423.0
2020-11-22,evo,2020,11,22,1144.0
2020-11-22,int,2020,11,22,1266.0
2020-11-22,pri,2020,11,22,1324.0
2020-11-22,sai,2020,11,22,251.0
2020-11-23,ent,2020,11,23,1184.0
2020-11-23,evo,2020,11,23,2911.0
2020-11-23,int,2020,11,23,3165.0
2020-11-23,pri,2020,11,23,3317.0
2020-11-23,sai,2020,11,23,653.0
2020-11-24,ent,2020,11,24,943.0
2020-11-24,evo,2020,11,24,2556.0
2020-11-24,int,2020,11,24,2842.0
2020-11-24,pri,2020,11,24,2970.0
2020-11-24,sai,2020,11,24,511.0
2020-11-25,ent,2020,11,25,919.0
2020-11-25,evo,2020,11,25,2419.0
2020-11-25,int,2020,11,25,2681.0
2020-11-25,pri,2020,11,25,2809.0
2020-11-25,sai,2020,11,25,500.0
2020-11-26,ent,2020,11,26,1001.0
2020-11-26,evo,2020,11,26,2503.0
2020-11-26,int,2020,11,26,2739.0
2020-11-26,pri,2020,11,26,2880.0
2020-11-26,sai,2020,11,26,561.0
2020-11-27,ent,2020,11,27,912.0
2020-11-27,evo,2020,11,27,2474.0
2020-11-27,int,2020,11,27,2701.0
2020-11-27,pri,2020,11,27,2828.0
2020-11-27,sai,2020,11,27,520.0
2020-11-28,ent,2020,11,28,509.0
2020-11-28,evo,2020,11,28,1515.0
2020-11-28,int,2020,11,28,1654.0
2020-11-28,pri,2020,11,28,1745.0
2020-11-28,sai,2020,11,28,279.0
2020-11-29,ent,2020,11,29,447.0
2020-11-29,evo,2020,11,29,1377.0
2020-11-29,int,2020,11,29,1514.0
2020-11-29,pri,2020,11,29,1595.0
2020-11-29,sai,2020,11,29,246.0
2020-11-30,ent,2020,11,30,1294.0
2020-11-30,evo,2020,11,30,3333.0
2020-11-30,int,2020,11,30,3619.0
2020-11-30,pri,2020,11,30,3806.0
2020-11-30,sai,2020,11,30,706.0
2020-12-01,ent,2020,12,1,0.0
2020-12-01,evo,2020,12,1,0.0
2020-12-01,int,2020,12,1,0.0
2020-12-01,pri,2020,12,1,0.0
2020-12-01,sai,2020,12,1,0.0
2020-12-02,ent,2020,12,2,0.0
2020-12-02,evo,2020,12,2,0.0
2020-12-02,int,2020,12,2,0.0
2020-12-02,pri,2020,12,2,0.0
2020-12-02,sai,2020,12,2,0.0
2020-12-03,ent,2020,12,3,6.0
2020-12-03,evo,2020,12,3,10.0
2020-12-03,int,2020,12,3,11.0
2020-12-03,pri,2020,12,3,13.0
2020-12-03,sai,2020,12,3,3.0
2020-12-04,ent,2020,12,4,197.0
2020-12-04,evo,2020,12,4,593.0
2020-12-04,int,2020,12,4,618.0
2020-12-04,pri,2020,12,4,669.0
2020-12-04,sai,2020,12,4,116.0
2020-12-05,ent,2020,12,5,918.0
2020-12-05,evo,2020,12,5,2989.0
2020-12-05,int,2020,12,5,3048.0
2020-12-05,pri,2020,12,5,3393.0
2020-12-05,sai,2020,12,5,448.0
2020-12-06,ent,2020,12,6,1072.0
2020-12-06,evo,2020,12,6,3031.0
2020-12-06,int,2020,12,6,3024.0
2020-12-06,pri,2020,12,6,3450.0
2020-12-06,sai,2020,12,6,635.0
2020-12-07,ent,2020,12,7,557.0
2020-12-07,evo,2020,12,7,1707.0
2020-12-07,int,2020,12,7,1772.0
2020-12-07,pri,2020,12,7,1890.0
2020-12-07,sai,2020,12,7,340.0
2020-12-08,ent,2020,12,8,936.0
2020-12-08,evo,2020,12,8,2587.0
2020-12-08,int,2020,12,8,2699.0
2020-12-08,pri,2020,12,8,2866.0
2020-12-08,sai,2020,12,8,568.0
2020-12-09,ent,2020,12,9,378.0
2020-12-09,evo,2020,12,9,1114.0
2020-12-09,int,2020,12,9,1193.0
2020-12-09,pri,2020,12,9,1253.0
2020-12-09,sai,2020,12,9,223.0
2020-12-10,ent,2020,12,10,305.0
2020-12-10,evo,2020,12,10,830.0
2020-12-10,int,2020,12,10,899.0
2020-12-10,pri,2020,12,10,956.0
2020-12-10,sai,2020,12,10,171.0
2020-12-11,ent,2020,12,11,708.0
2020-12-11,evo,2020,12,11,1804.0
2020-12-11,int,2020,12,11,1941.0
2020-12-11,pri,2020,12,11,2049.0
2020-12-11,sai,2020,12,11,437.0
2020-12-12,ent,2020,12,12,542.0
2020-12-12,evo,2020,12,12,1628.0
2020-12-12,int,2020,12,12,1781.0
2020-12-12,pri,2020,12,12,1883.0
2020-12-12,sai,2020,12,12,339.0
2020-12-13,ent,2020,12,13,422.0
2020-12-13,evo,2020,12,13,1365.0
2020-12-13,int,2020,12,13,1481.0
2020-12-13,pri,2020,12,13,1594.0
2020-12-13,sai,2020,12,13,239.0
2020-12-14,ent,2020,12,14,1378.0
2020-12-14,evo,2020,12,14,3504.0
2020-12-14,int,2020,12,14,3857.0
2020-12-14,pri,2020,12,14,4076.0
2020-12-14,sai,2020,12,14,780.0
2020-12-15,ent,2020,12,15,1104.0
2020-12-15,evo,2020,12,15,3027.0
2020-12-15,int,2020,12,15,3272.0
2020-12-15,pri,2020,12,15,3455.0
2020-12-15,sai,2020,12,15,636.0
2020-12-16,ent,2020,12,16,962.0
2020-12-16,evo,2020,12,16,2802.0
2020-12-16,int,2020,12,16,3060.0
2020-12-16,pri,2020,12,16,3239.0
2020-12-16,sai,2020,12,16,545.0
2020-12-17,ent,2020,12,17,985.0
2020-12-17,evo,2020,12,17,2794.0
2020-12-17,int,2020,12,17,3039.0
2020-12-17,pri,2020,12,17,3227.0
2020-12-17,sai,2020,12,17,565.0
2020-12-18,ent,2020,12,18,974.0
2020-12-18,evo,2020,12,18,2689.0
2020-12-18,int,2020,12,18,2894.0
2020-12-18,pri,2020,12,18,3063.0
2020-12-18,sai,2020,12,18,557.0
2020-12-19,ent,2020,12,19,550.0
2020-12-19,evo,2020,12,19,1553.0
2020-12-19,int,2020,12,19,1721.0
2020-12-19,pri,2020,12,19,1809.0
2020-12-19,sai,2020,12,19,330.0
2020-12-20,ent,2020,12,20,515.0
2020-12-20,evo,2020,12,20,1573.0
2020-12-20,int,2020,12,20,1749.0
2020-12-20,pri,2020,12,20,1848.0
2020-12-20,sai,2020,12,20,296.0
2020-12-21,ent,2020,12,21,1226.0
2020-12-21,evo,2020,12,21,3289.0
2020-12-21,int,2020,12,21,3668.0
2020-12-21,pri,2020,12,21,3847.0
2020-12-21,sai,2020,12,21,646.0
2020-12-22,ent,2020,12,22,1055.0
2020-12-22,evo,2020,12,22,2906.0
2020-12-22,int,2020,12,22,3142.0
2020-12-22,pri,2020,12,22,3323.0
2020-12-22,sai,2020,12,22,595.0
2020-12-23,ent,2020,12,23,964.0
2020-12-23,evo,2020,12,23,2745.0
2020-12-23,int,2020,12,23,2936.0
2020-12-23,pri,2020,12,23,3107.0
2020-12-23,sai,2020,12,23,578.0
2020-12-24,ent,2020,12,24,715.0
2020-12-24,evo,2020,12,24,1883.0
2020-12-24,int,2020,12,24,2073.0
2020-12-24,pri,2020,12,24,2174.0
2020-12-24,sai,2020,12,24,431.0
2020-12-25,ent,2020,12,25,445.0
2020-12-25,evo,2020,12,25,1232.0
2020-12-25,int,2020,12,25,1337.0
2020-12-25,pri,2020,12,25,1425.0
2020-12-25,sai,2020,12,25,255.0
2020-12-26,ent,2020,12,26,651.0
2020-12-26,evo,2020,12,26,1766.0
2020-12-26,int,2020,12,26,1935.0
2020-12-26,pri,2020,12,26,2044.0
2020-12-26,sai,2020,12,26,387.0
2020-12-27,ent,2020,12,27,573.0
2020-12-27,evo,2020,12,27,1586.0
2020-12-27,int,2020,12,27,1748.0
2020-12-27,pri,2020,12,27,1845.0
2020-12-27,sai,2020,12,27,339.0
2020-12-28,ent,2020,12,28,1619.0
2020-12-28,evo,2020,12,28,4055.0
2020-12-28,int,2020,12,28,4440.0
2020-12-28,pri,2020,12,28,4669.0
2020-12-28,sai,2020,12,28,896.0
2020-12-29,ent,2020,12,29,1263.0
2020-12-29,evo,2020,12,29,3265.0
2020-12-29,int,2020,12,29,3536.0
2020-12-29,pri,2020,12,29,3702.0
2020-12-29,sai,2020,12,29,771.0
2020-12-30,ent,2020,12,30,1128.0
2020-12-30,evo,2020,12,30,2955.0
2020-12-30,int,2020,12,30,3217.0
2020-12-30,pri,2020,12,30,3422.0
2020-12-30,sai,2020,12,30,711.0
2020-12-31,ent,2020,12,31,740.0
2020-12-31,evo,2020,12,31,1899.0
2020-12-31,int,2020,12,31,2043.0
2020-12-31,pri,2020,12,31,2174.0
2020-12-31,sai,2020,12,31,423.0
